"Date","Price","Open","High","Low","Change %"
"Nov 05, 2021","1.3484","1.3507","1.3510","1.3425","-0.10%"
"Nov 04, 2021","1.3498","1.3686","1.3699","1.3470","-1.36%"
"Nov 03, 2021","1.3684","1.3612","1.3693","1.3606","0.51%"
"Nov 02, 2021","1.3614","1.3665","1.3680","1.3605","-0.42%"
"Nov 01, 2021","1.3672","1.3683","1.3694","1.3642","-0.14%"
"Oct 29, 2021","1.3691","1.3791","1.3805","1.3668","-0.70%"
"Oct 28, 2021","1.3788","1.3749","1.3816","1.3721","0.31%"
"Oct 27, 2021","1.3746","1.3769","1.3782","1.3708","-0.15%"
"Oct 26, 2021","1.3766","1.3769","1.3830","1.3757","-0.01%"
"Oct 25, 2021","1.3768","1.3755","1.3793","1.3741","0.12%"
"Oct 22, 2021","1.3751","1.3792","1.3816","1.3736","-0.29%"
"Oct 21, 2021","1.3791","1.3824","1.3835","1.3776","-0.24%"
"Oct 20, 2021","1.3824","1.3797","1.3836","1.3742","0.21%"
"Oct 19, 2021","1.3795","1.3728","1.3835","1.3722","0.51%"
"Oct 18, 2021","1.3725","1.3751","1.3766","1.3708","-0.17%"
"Oct 15, 2021","1.3749","1.3673","1.3774","1.3667","0.56%"
"Oct 14, 2021","1.3673","1.3657","1.3736","1.3654","0.10%"
"Oct 13, 2021","1.3659","1.3588","1.3665","1.3576","0.54%"
"Oct 12, 2021","1.3585","1.3599","1.3638","1.3569","-0.07%"
"Oct 11, 2021","1.3595","1.3613","1.3675","1.3584","-0.12%"
"Oct 08, 2021","1.3611","1.3618","1.3657","1.3583","-0.04%"
"Oct 07, 2021","1.3617","1.3578","1.3640","1.3570","0.27%"
"Oct 06, 2021","1.3580","1.3632","1.3637","1.3543","-0.36%"
"Oct 05, 2021","1.3629","1.3615","1.3649","1.3584","0.12%"
"Oct 04, 2021","1.3613","1.3548","1.3641","1.3532","0.50%"
"Oct 01, 2021","1.3545","1.3472","1.3577","1.3434","0.54%"
"Sep 30, 2021","1.3472","1.3424","1.3519","1.3415","0.37%"
"Sep 29, 2021","1.3422","1.3535","1.3556","1.3412","-0.83%"
"Sep 28, 2021","1.3534","1.3699","1.3719","1.3520","-1.18%"
"Sep 27, 2021","1.3695","1.3680","1.3729","1.3657","0.10%"
"Sep 24, 2021","1.3682","1.3721","1.3737","1.3657","-0.25%"
"Sep 23, 2021","1.3716","1.3628","1.3751","1.3612","0.67%"
"Sep 22, 2021","1.3625","1.3658","1.3691","1.3609","-0.25%"
"Sep 21, 2021","1.3659","1.3657","1.3693","1.3641","0.01%"
"Sep 20, 2021","1.3657","1.3746","1.3755","1.3640","-0.62%"
"Sep 17, 2021","1.3742","1.3792","1.3814","1.3727","-0.33%"
"Sep 16, 2021","1.3788","1.3837","1.3853","1.3764","-0.35%"
"Sep 15, 2021","1.3837","1.3811","1.3855","1.3792","0.22%"
"Sep 14, 2021","1.3806","1.3835","1.3914","1.3802","-0.22%"
"Sep 13, 2021","1.3836","1.3843","1.3852","1.3796","-0.02%"
"Sep 10, 2021","1.3839","1.3838","1.3889","1.3826","0.03%"
"Sep 09, 2021","1.3835","1.3770","1.3864","1.3753","0.49%"
"Sep 08, 2021","1.3768","1.3788","1.3792","1.3726","-0.10%"
"Sep 07, 2021","1.3782","1.3836","1.3858","1.3767","-0.38%"
"Sep 06, 2021","1.3834","1.3863","1.3871","1.3819","-0.22%"
"Sep 03, 2021","1.3865","1.3833","1.3893","1.3817","0.26%"
"Sep 02, 2021","1.3829","1.3776","1.3841","1.3767","0.44%"
"Sep 01, 2021","1.3768","1.3753","1.3800","1.3730","0.10%"
"Aug 31, 2021","1.3754","1.3761","1.3807","1.3742","-0.03%"
"Aug 30, 2021","1.3758","1.3758","1.3776","1.3734","0.01%"
"Aug 27, 2021","1.3757","1.3698","1.3781","1.3679","0.42%"
"Aug 26, 2021","1.3699","1.3761","1.3770","1.3688","-0.44%"
"Aug 25, 2021","1.3759","1.3729","1.3767","1.3697","0.23%"
"Aug 24, 2021","1.3727","1.3717","1.3749","1.3693","0.07%"
"Aug 23, 2021","1.3717","1.3633","1.3734","1.3613","0.70%"
"Aug 20, 2021","1.3621","1.3642","1.3649","1.3601","-0.12%"
"Aug 19, 2021","1.3638","1.3757","1.3760","1.3632","-0.85%"
"Aug 18, 2021","1.3755","1.3741","1.3786","1.3727","0.12%"
"Aug 17, 2021","1.3739","1.3850","1.3855","1.3726","-0.80%"
"Aug 16, 2021","1.3850","1.3839","1.3879","1.3828","-0.09%"
"Aug 13, 2021","1.3863","1.3809","1.3876","1.3791","0.43%"
"Aug 12, 2021","1.3804","1.3873","1.3879","1.3794","-0.49%"
"Aug 11, 2021","1.3872","1.3845","1.3888","1.3802","0.21%"
"Aug 10, 2021","1.3843","1.3846","1.3873","1.3827","-0.01%"
"Aug 09, 2021","1.3844","1.3880","1.3895","1.3841","-0.19%"
"Aug 06, 2021","1.3871","1.3930","1.3937","1.3860","-0.41%"
"Aug 05, 2021","1.3928","1.3889","1.3950","1.3872","0.31%"
"Aug 04, 2021","1.3885","1.3916","1.3958","1.3885","-0.21%"
"Aug 03, 2021","1.3914","1.3883","1.3939","1.3879","0.24%"
"Aug 02, 2021","1.3881","1.3901","1.3934","1.3875","-0.14%"
"Jul 30, 2021","1.3901","1.3961","1.3985","1.3887","-0.43%"
"Jul 29, 2021","1.3961","1.3900","1.3983","1.3895","0.45%"
"Jul 28, 2021","1.3898","1.3881","1.3911","1.3844","0.17%"
"Jul 27, 2021","1.3874","1.3818","1.3895","1.3766","0.42%"
"Jul 26, 2021","1.3816","1.3754","1.3835","1.3736","0.52%"
"Jul 23, 2021","1.3745","1.3767","1.3781","1.3720","-0.13%"
"Jul 22, 2021","1.3763","1.3714","1.3787","1.3690","0.39%"
"Jul 21, 2021","1.3710","1.3629","1.3724","1.3591","0.62%"
"Jul 20, 2021","1.3626","1.3678","1.3690","1.3571","-0.34%"
"Jul 19, 2021","1.3672","1.3787","1.3787","1.3655","-0.73%"
"Jul 16, 2021","1.3772","1.3830","1.3863","1.3759","-0.40%"
"Jul 15, 2021","1.3828","1.3858","1.3900","1.3805","-0.20%"
"Jul 14, 2021","1.3856","1.3814","1.3893","1.3801","0.35%"
"Jul 13, 2021","1.3808","1.3885","1.3907","1.3800","-0.52%"
"Jul 12, 2021","1.3880","1.3902","1.3911","1.3838","-0.14%"
"Jul 09, 2021","1.3899","1.3788","1.3909","1.3756","0.83%"
"Jul 08, 2021","1.3785","1.3801","1.3807","1.3741","-0.11%"
"Jul 07, 2021","1.3800","1.3801","1.3843","1.3754","0.01%"
"Jul 06, 2021","1.3799","1.3844","1.3900","1.3772","-0.33%"
"Jul 05, 2021","1.3845","1.3822","1.3863","1.3817","0.17%"
"Jul 02, 2021","1.3821","1.3769","1.3845","1.3732","0.39%"
"Jul 01, 2021","1.3767","1.3829","1.3836","1.3752","-0.43%"
"Jun 30, 2021","1.3827","1.3839","1.3873","1.3798","-0.06%"
"Jun 29, 2021","1.3835","1.3885","1.3888","1.3814","-0.35%"
"Jun 28, 2021","1.3883","1.3884","1.3941","1.3870","0.04%"
"Jun 25, 2021","1.3877","1.3923","1.3937","1.3871","-0.32%"
"Jun 24, 2021","1.3922","1.3963","1.3987","1.3889","-0.27%"
"Jun 23, 2021","1.3959","1.3948","1.4002","1.3923","0.09%"
"Jun 22, 2021","1.3947","1.3931","1.3965","1.3860","0.13%"
"Jun 21, 2021","1.3929","1.3811","1.3937","1.3786","0.87%"
"Jun 18, 2021","1.3809","1.3921","1.3945","1.3792","-0.79%"
"Jun 17, 2021","1.3919","1.3988","1.4009","1.3895","-0.49%"
"Jun 16, 2021","1.3987","1.4081","1.4133","1.3981","-0.66%"
"Jun 15, 2021","1.4080","1.4114","1.4130","1.4033","-0.23%"
"Jun 14, 2021","1.4112","1.4119","1.4124","1.4069","0.04%"
"Jun 11, 2021","1.4106","1.4177","1.4187","1.4095","-0.47%"
"Jun 10, 2021","1.4173","1.4121","1.4180","1.4073","0.39%"
"Jun 09, 2021","1.4118","1.4159","1.4191","1.4109","-0.26%"
"Jun 08, 2021","1.4155","1.4183","1.4187","1.4121","-0.16%"
"Jun 07, 2021","1.4178","1.4171","1.4191","1.4111","0.17%"
"Jun 04, 2021","1.4154","1.4105","1.4202","1.4082","0.36%"
"Jun 03, 2021","1.4103","1.4171","1.4203","1.4087","-0.46%"
"Jun 02, 2021","1.4168","1.4153","1.4184","1.4111","0.16%"
"Jun 01, 2021","1.4146","1.4213","1.4250","1.4146","-0.44%"
"May 31, 2021","1.4209","1.4180","1.4218","1.4164","0.16%"
"May 28, 2021","1.4187","1.4207","1.4212","1.4136","-0.13%"
"May 27, 2021","1.4205","1.4122","1.4220","1.4091","0.62%"
"May 26, 2021","1.4118","1.4153","1.4177","1.4111","-0.23%"
"May 25, 2021","1.4151","1.4157","1.4211","1.4116","-0.03%"
"May 24, 2021","1.4155","1.4159","1.4173","1.4110","0.06%"
"May 21, 2021","1.4147","1.4190","1.4234","1.4139","-0.30%"
"May 20, 2021","1.4189","1.4110","1.4194","1.4101","0.54%"
"May 19, 2021","1.4113","1.4190","1.4202","1.4100","-0.52%"
"May 18, 2021","1.4187","1.4131","1.4220","1.4129","0.37%"
"May 17, 2021","1.4134","1.4090","1.4147","1.4076","0.27%"
"May 14, 2021","1.4096","1.4052","1.4112","1.4036","0.33%"
"May 13, 2021","1.4050","1.4054","1.4079","1.4004","-0.01%"
"May 12, 2021","1.4052","1.4141","1.4155","1.4050","-0.63%"
"May 11, 2021","1.4141","1.4117","1.4167","1.4103","0.15%"
"May 10, 2021","1.4120","1.3980","1.4159","1.3978","1.06%"
"May 07, 2021","1.3972","1.3887","1.4007","1.3886","0.63%"
"May 06, 2021","1.3885","1.3903","1.3942","1.3856","-0.13%"
"May 05, 2021","1.3903","1.3887","1.3927","1.3874","0.13%"
"May 04, 2021","1.3885","1.3911","1.3916","1.3837","-0.17%"
"May 03, 2021","1.3909","1.3827","1.3932","1.3800","0.69%"
"Apr 30, 2021","1.3814","1.3942","1.3959","1.3801","-0.90%"
"Apr 29, 2021","1.3940","1.3938","1.3978","1.3931","0.06%"
"Apr 28, 2021","1.3932","1.3916","1.3951","1.3860","0.14%"
"Apr 27, 2021","1.3912","1.3898","1.3924","1.3858","0.12%"
"Apr 26, 2021","1.3896","1.3873","1.3930","1.3864","0.16%"
"Apr 23, 2021","1.3874","1.3838","1.3896","1.3834","0.27%"
"Apr 22, 2021","1.3836","1.3931","1.3951","1.3823","-0.67%"
"Apr 21, 2021","1.3929","1.3937","1.3951","1.3886","-0.05%"
"Apr 20, 2021","1.3936","1.3987","1.4010","1.3925","-0.34%"
"Apr 19, 2021","1.3983","1.3827","1.3994","1.3809","1.11%"
"Apr 16, 2021","1.3830","1.3784","1.3844","1.3716","0.32%"
"Apr 15, 2021","1.3786","1.3780","1.3809","1.3762","0.06%"
"Apr 14, 2021","1.3778","1.3749","1.3809","1.3748","0.22%"
"Apr 13, 2021","1.3748","1.3740","1.3770","1.3694","0.06%"
"Apr 12, 2021","1.3740","1.3710","1.3778","1.3669","0.23%"
"Apr 09, 2021","1.3708","1.3734","1.3751","1.3670","-0.18%"
"Apr 08, 2021","1.3733","1.3736","1.3783","1.3719","-0.01%"
"Apr 07, 2021","1.3734","1.3825","1.3841","1.3723","-0.64%"
"Apr 06, 2021","1.3823","1.3902","1.3920","1.3801","-0.53%"
"Apr 05, 2021","1.3897","1.3827","1.3915","1.3813","0.49%"
"Apr 02, 2021","1.3829","1.3833","1.3854","1.3813","-0.01%"
"Apr 01, 2021","1.3830","1.3781","1.3837","1.3745","0.37%"
"Mar 31, 2021","1.3779","1.3740","1.3813","1.3715","0.29%"
"Mar 30, 2021","1.3739","1.3763","1.3785","1.3706","-0.15%"
"Mar 29, 2021","1.3759","1.3793","1.3848","1.3756","-0.20%"
"Mar 26, 2021","1.3787","1.3731","1.3814","1.3728","0.40%"
"Mar 25, 2021","1.3732","1.3687","1.3747","1.3670","0.36%"
"Mar 24, 2021","1.3683","1.3752","1.3762","1.3673","-0.49%"
"Mar 23, 2021","1.3750","1.3863","1.3868","1.3740","-0.82%"
"Mar 22, 2021","1.3863","1.3866","1.3878","1.3817","-0.04%"
"Mar 19, 2021","1.3868","1.3924","1.3959","1.3830","-0.37%"
"Mar 18, 2021","1.3920","1.3968","1.4002","1.3896","-0.31%"
"Mar 17, 2021","1.3963","1.3890","1.3972","1.3851","0.55%"
"Mar 16, 2021","1.3887","1.3899","1.3908","1.3808","-0.04%"
"Mar 15, 2021","1.3893","1.3920","1.3951","1.3851","-0.21%"
"Mar 12, 2021","1.3922","1.3989","1.4006","1.3863","-0.49%"
"Mar 11, 2021","1.3990","1.3934","1.3995","1.3917","0.43%"
"Mar 10, 2021","1.3930","1.3893","1.3939","1.3845","0.27%"
"Mar 09, 2021","1.3893","1.3827","1.3927","1.3801","0.50%"
"Mar 08, 2021","1.3824","1.3837","1.3866","1.3800","-0.12%"
"Mar 05, 2021","1.3841","1.3896","1.3908","1.3779","-0.38%"
"Mar 04, 2021","1.3894","1.3954","1.4017","1.3879","-0.42%"
"Mar 03, 2021","1.3953","1.3953","1.4008","1.3920","0.00%"
"Mar 02, 2021","1.3953","1.3923","1.3978","1.3858","0.22%"
"Mar 01, 2021","1.3922","1.3939","1.4000","1.3903","-0.07%"
"Feb 26, 2021","1.3932","1.4015","1.4028","1.3887","-0.58%"
"Feb 25, 2021","1.4013","1.4136","1.4182","1.4000","-0.89%"
"Feb 24, 2021","1.4139","1.4110","1.4237","1.4081","0.21%"
"Feb 23, 2021","1.4110","1.4063","1.4117","1.4054","0.35%"
"Feb 22, 2021","1.4061","1.4015","1.4087","1.3980","0.34%"
"Feb 19, 2021","1.4014","1.3975","1.4037","1.3951","0.31%"
"Feb 18, 2021","1.3971","1.3853","1.3987","1.3839","0.85%"
"Feb 17, 2021","1.3853","1.3902","1.3912","1.3829","-0.35%"
"Feb 16, 2021","1.3901","1.3903","1.3952","1.3868","-0.01%"
"Feb 15, 2021","1.3903","1.3846","1.3920","1.3846","0.43%"
"Feb 12, 2021","1.3844","1.3816","1.3864","1.3774","0.21%"
"Feb 11, 2021","1.3815","1.3832","1.3860","1.3800","-0.09%"
"Feb 10, 2021","1.3828","1.3816","1.3867","1.3802","0.10%"
"Feb 09, 2021","1.3814","1.3741","1.3821","1.3736","0.55%"
"Feb 08, 2021","1.3738","1.3729","1.3750","1.3680","0.04%"
"Feb 05, 2021","1.3733","1.3672","1.3742","1.3660","0.46%"
"Feb 04, 2021","1.3670","1.3646","1.3699","1.3566","0.19%"
"Feb 03, 2021","1.3644","1.3667","1.3685","1.3619","-0.15%"
"Feb 02, 2021","1.3665","1.3664","1.3712","1.3611","0.03%"
"Feb 01, 2021","1.3661","1.3713","1.3759","1.3656","-0.30%"
"Jan 29, 2021","1.3702","1.3721","1.3752","1.3657","-0.12%"
"Jan 28, 2021","1.3718","1.3688","1.3747","1.3629","0.23%"
"Jan 27, 2021","1.3686","1.3736","1.3761","1.3658","-0.34%"
"Jan 26, 2021","1.3733","1.3674","1.3745","1.3609","0.43%"
"Jan 25, 2021","1.3674","1.3680","1.3725","1.3649","-0.07%"
"Jan 22, 2021","1.3684","1.3733","1.3738","1.3635","-0.35%"
"Jan 21, 2021","1.3732","1.3655","1.3747","1.3650","0.58%"
"Jan 20, 2021","1.3653","1.3629","1.3720","1.3622","0.18%"
"Jan 19, 2021","1.3628","1.3587","1.3637","1.3572","0.32%"
"Jan 18, 2021","1.3584","1.3594","1.3599","1.3520","-0.01%"
"Jan 15, 2021","1.3586","1.3688","1.3700","1.3571","-0.74%"
"Jan 14, 2021","1.3687","1.3640","1.3711","1.3615","0.37%"
"Jan 13, 2021","1.3637","1.3667","1.3701","1.3612","-0.19%"
"Jan 12, 2021","1.3663","1.3521","1.3671","1.3504","1.10%"
"Jan 11, 2021","1.3514","1.3567","1.3568","1.3451","-0.36%"
"Jan 08, 2021","1.3563","1.3565","1.3636","1.3538","0.00%"
"Jan 07, 2021","1.3563","1.3608","1.3634","1.3532","-0.32%"
"Jan 06, 2021","1.3607","1.3626","1.3672","1.3539","-0.12%"
"Jan 05, 2021","1.3624","1.3572","1.3642","1.3554","0.41%"
"Jan 04, 2021","1.3569","1.3665","1.3705","1.3541","-0.75%"
"Jan 01, 2021","1.3671","1.3672","1.3683","1.3672","-0.01%"
"Dec 31, 2020","1.3673","1.3624","1.3687","1.3605","0.37%"
"Dec 30, 2020","1.3622","1.3503","1.3627","1.3493","0.90%"
"Dec 29, 2020","1.3500","1.3450","1.3524","1.3447","0.38%"
"Dec 28, 2020","1.3449","1.3546","1.3577","1.3429","-0.73%"
"Dec 25, 2020","1.3548","1.3557","1.3591","1.3550","-0.05%"
"Dec 24, 2020","1.3555","1.3496","1.3621","1.3489","0.47%"
"Dec 23, 2020","1.3492","1.3362","1.3572","1.3352","0.99%"
"Dec 22, 2020","1.3360","1.3465","1.3470","1.3304","-0.77%"
"Dec 21, 2020","1.3463","1.3475","1.3498","1.3189","-0.42%"
"Dec 18, 2020","1.3520","1.3586","1.3592","1.3471","-0.46%"
"Dec 17, 2020","1.3582","1.3510","1.3626","1.3494","0.56%"
"Dec 16, 2020","1.3507","1.3460","1.3554","1.3434","0.34%"
"Dec 15, 2020","1.3461","1.3323","1.3470","1.3280","1.04%"
"Dec 14, 2020","1.3322","1.3281","1.3447","1.3274","0.75%"
"Dec 11, 2020","1.3223","1.3296","1.3326","1.3134","-0.53%"
"Dec 10, 2020","1.3293","1.3403","1.3414","1.3246","-0.77%"
"Dec 09, 2020","1.3396","1.3355","1.3478","1.3350","0.32%"
"Dec 08, 2020","1.3353","1.3378","1.3393","1.3290","-0.17%"
"Dec 07, 2020","1.3376","1.3449","1.3449","1.3225","-0.45%"
"Dec 04, 2020","1.3437","1.3447","1.3541","1.3411","-0.11%"
"Dec 03, 2020","1.3452","1.3361","1.3500","1.3353","0.67%"
"Dec 02, 2020","1.3363","1.3423","1.3442","1.3287","-0.39%"
"Dec 01, 2020","1.3415","1.3325","1.3442","1.3314","0.71%"
"Nov 30, 2020","1.3321","1.3314","1.3386","1.3304","0.05%"
"Nov 27, 2020","1.3314","1.3356","1.3383","1.3288","-0.31%"
"Nov 26, 2020","1.3355","1.3376","1.3399","1.3321","-0.20%"
"Nov 25, 2020","1.3382","1.3362","1.3395","1.3304","0.19%"
"Nov 24, 2020","1.3356","1.3325","1.3382","1.3292","0.25%"
"Nov 23, 2020","1.3323","1.3274","1.3398","1.3263","0.31%"
"Nov 20, 2020","1.3282","1.3261","1.3297","1.3245","0.16%"
"Nov 19, 2020","1.3261","1.3275","1.3281","1.3196","-0.06%"
"Nov 18, 2020","1.3269","1.3244","1.3313","1.3242","0.21%"
"Nov 17, 2020","1.3241","1.3195","1.3274","1.3187","0.38%"
"Nov 16, 2020","1.3191","1.3179","1.3243","1.3162","0.04%"
"Nov 13, 2020","1.3186","1.3118","1.3203","1.3109","0.55%"
"Nov 12, 2020","1.3114","1.3222","1.3230","1.3105","-0.81%"
"Nov 11, 2020","1.3221","1.3270","1.3310","1.3189","-0.38%"
"Nov 10, 2020","1.3271","1.3166","1.3278","1.3155","0.82%"
"Nov 09, 2020","1.3163","1.3163","1.3209","1.3118","0.05%"
"Nov 06, 2020","1.3156","1.3144","1.3178","1.3092","0.11%"
"Nov 05, 2020","1.3142","1.2989","1.3155","1.2930","1.21%"
"Nov 04, 2020","1.2985","1.3060","1.3140","1.2914","-0.56%"
"Nov 03, 2020","1.3058","1.2916","1.3080","1.2903","1.13%"
"Nov 02, 2020","1.2912","1.2946","1.2954","1.2853","-0.22%"
"Oct 30, 2020","1.2941","1.2929","1.2989","1.2898","0.12%"
"Oct 29, 2020","1.2926","1.2983","1.3027","1.2881","-0.42%"
"Oct 28, 2020","1.2981","1.3046","1.3065","1.2917","-0.48%"
"Oct 27, 2020","1.3043","1.3019","1.3081","1.3001","0.15%"
"Oct 26, 2020","1.3023","1.3048","1.3075","1.2993","-0.13%"
"Oct 23, 2020","1.3040","1.3083","1.3125","1.3018","-0.31%"
"Oct 22, 2020","1.3081","1.3151","1.3155","1.3069","-0.48%"
"Oct 21, 2020","1.3144","1.2945","1.3178","1.2937","1.55%"
"Oct 20, 2020","1.2944","1.2952","1.2980","1.2910","-0.02%"
"Oct 19, 2020","1.2947","1.2915","1.3025","1.2889","0.26%"
"Oct 16, 2020","1.2913","1.2916","1.2963","1.2863","-0.01%"
"Oct 15, 2020","1.2914","1.3010","1.3031","1.2890","-0.75%"
"Oct 14, 2020","1.3011","1.2938","1.3066","1.2862","0.60%"
"Oct 13, 2020","1.2934","1.3064","1.3074","1.2922","-1.00%"
"Oct 12, 2020","1.3064","1.3028","1.3084","1.3004","0.14%"
"Oct 09, 2020","1.3046","1.2935","1.3051","1.2920","0.87%"
"Oct 08, 2020","1.2933","1.2919","1.2972","1.2890","0.12%"
"Oct 07, 2020","1.2918","1.2886","1.2931","1.2845","0.32%"
"Oct 06, 2020","1.2877","1.2978","1.3008","1.2866","-0.77%"
"Oct 05, 2020","1.2977","1.2933","1.2991","1.2899","0.36%"
"Oct 02, 2020","1.2931","1.2893","1.2955","1.2837","0.33%"
"Oct 01, 2020","1.2889","1.2919","1.2980","1.2818","-0.21%"
"Sep 30, 2020","1.2916","1.2864","1.2944","1.2806","0.43%"
"Sep 29, 2020","1.2861","1.2836","1.2903","1.2822","0.27%"
"Sep 28, 2020","1.2827","1.2747","1.2927","1.2744","0.64%"
"Sep 25, 2020","1.2745","1.2754","1.2806","1.2687","-0.03%"
"Sep 24, 2020","1.2749","1.2724","1.2782","1.2689","0.21%"
"Sep 23, 2020","1.2722","1.2733","1.2778","1.2674","-0.07%"
"Sep 22, 2020","1.2731","1.2812","1.2868","1.2710","-0.65%"
"Sep 21, 2020","1.2814","1.2924","1.2967","1.2774","-0.78%"
"Sep 18, 2020","1.2915","1.2973","1.3001","1.2915","-0.44%"
"Sep 17, 2020","1.2972","1.2966","1.3000","1.2865","0.05%"
"Sep 16, 2020","1.2965","1.2889","1.3008","1.2874","0.61%"
"Sep 15, 2020","1.2886","1.2841","1.2927","1.2815","0.33%"
"Sep 14, 2020","1.2844","1.2803","1.2920","1.2775","0.40%"
"Sep 11, 2020","1.2793","1.2800","1.2866","1.2763","-0.08%"
"Sep 10, 2020","1.2803","1.3003","1.3036","1.2773","-1.52%"
"Sep 09, 2020","1.3000","1.2981","1.3024","1.2884","0.10%"
"Sep 08, 2020","1.2987","1.3170","1.3180","1.2980","-1.36%"
"Sep 07, 2020","1.3166","1.3274","1.3285","1.3140","-0.87%"
"Sep 04, 2020","1.3282","1.3282","1.3320","1.3175","0.02%"
"Sep 03, 2020","1.3280","1.3349","1.3358","1.3242","-0.54%"
"Sep 02, 2020","1.3352","1.3383","1.3404","1.3283","-0.22%"
"Sep 01, 2020","1.3381","1.3367","1.3484","1.3355","0.09%"
"Aug 31, 2020","1.3369","1.3342","1.3396","1.3301","0.15%"
"Aug 28, 2020","1.3349","1.3208","1.3357","1.3185","1.14%"
"Aug 27, 2020","1.3198","1.3207","1.3285","1.3162","-0.08%"
"Aug 26, 2020","1.3208","1.3153","1.3220","1.3117","0.44%"
"Aug 25, 2020","1.3150","1.3068","1.3171","1.3054","0.67%"
"Aug 24, 2020","1.3063","1.3086","1.3149","1.3052","-0.18%"
"Aug 21, 2020","1.3087","1.3216","1.3256","1.3059","-0.95%"
"Aug 20, 2020","1.3212","1.3096","1.3226","1.3063","0.87%"
"Aug 19, 2020","1.3098","1.3239","1.3269","1.3094","-1.04%"
"Aug 18, 2020","1.3235","1.3099","1.3250","1.3095","1.02%"
"Aug 17, 2020","1.3102","1.3087","1.3123","1.3074","0.14%"
"Aug 14, 2020","1.3084","1.3060","1.3144","1.3047","0.16%"
"Aug 13, 2020","1.3063","1.3035","1.3125","1.3030","0.24%"
"Aug 12, 2020","1.3032","1.3053","1.3068","1.3004","-0.12%"
"Aug 11, 2020","1.3048","1.3078","1.3132","1.3041","-0.17%"
"Aug 10, 2020","1.3070","1.3042","1.3104","1.3018","0.15%"
"Aug 07, 2020","1.3051","1.3153","1.3155","1.3009","-0.72%"
"Aug 06, 2020","1.3146","1.3114","1.3187","1.3111","0.26%"
"Aug 05, 2020","1.3112","1.3073","1.3162","1.3056","0.40%"
"Aug 04, 2020","1.3060","1.3075","1.3109","1.2981","-0.09%"
"Aug 03, 2020","1.3072","1.3082","1.3113","1.3004","-0.12%"
"Jul 31, 2020","1.3088","1.3098","1.3171","1.3069","-0.04%"
"Jul 30, 2020","1.3093","1.2997","1.3103","1.2944","0.75%"
"Jul 29, 2020","1.2995","1.2932","1.3013","1.2911","0.50%"
"Jul 28, 2020","1.2930","1.2882","1.2953","1.2838","0.38%"
"Jul 27, 2020","1.2881","1.2786","1.2903","1.2780","0.72%"
"Jul 24, 2020","1.2789","1.2741","1.2804","1.2717","0.39%"
"Jul 23, 2020","1.2739","1.2734","1.2761","1.2672","0.05%"
"Jul 22, 2020","1.2732","1.2733","1.2744","1.2644","0.03%"
"Jul 21, 2020","1.2728","1.2658","1.2768","1.2650","0.54%"
"Jul 20, 2020","1.2660","1.2565","1.2666","1.2517","0.76%"
"Jul 17, 2020","1.2565","1.2552","1.2575","1.2510","0.13%"
"Jul 16, 2020","1.2549","1.2584","1.2625","1.2520","-0.25%"
"Jul 15, 2020","1.2580","1.2552","1.2651","1.2548","0.26%"
"Jul 14, 2020","1.2548","1.2558","1.2567","1.2479","-0.03%"
"Jul 13, 2020","1.2552","1.2612","1.2667","1.2550","-0.54%"
"Jul 10, 2020","1.2620","1.2607","1.2665","1.2566","0.13%"
"Jul 09, 2020","1.2604","1.2614","1.2671","1.2600","-0.04%"
"Jul 08, 2020","1.2609","1.2542","1.2624","1.2508","0.55%"
"Jul 07, 2020","1.2540","1.2492","1.2593","1.2463","0.39%"
"Jul 06, 2020","1.2491","1.2485","1.2521","1.2459","0.06%"
"Jul 03, 2020","1.2483","1.2465","1.2494","1.2437","0.14%"
"Jul 02, 2020","1.2466","1.2476","1.2531","1.2456","-0.03%"
"Jul 01, 2020","1.2470","1.2401","1.2492","1.2358","0.57%"
"Jun 30, 2020","1.2399","1.2298","1.2402","1.2257","0.84%"
"Jun 29, 2020","1.2296","1.2340","1.2391","1.2251","-0.30%"
"Jun 26, 2020","1.2333","1.2421","1.2438","1.2313","-0.65%"
"Jun 25, 2020","1.2414","1.2419","1.2465","1.2388","-0.03%"
"Jun 24, 2020","1.2418","1.2521","1.2543","1.2414","-0.80%"
"Jun 23, 2020","1.2518","1.2467","1.2533","1.2431","0.46%"
"Jun 22, 2020","1.2461","1.2356","1.2478","1.2335","0.85%"
"Jun 19, 2020","1.2356","1.2421","1.2457","1.2343","-0.55%"
"Jun 18, 2020","1.2424","1.2556","1.2568","1.2401","-1.04%"
"Jun 17, 2020","1.2554","1.2573","1.2589","1.2510","-0.16%"
"Jun 16, 2020","1.2574","1.2605","1.2688","1.2553","-0.22%"
"Jun 15, 2020","1.2602","1.2531","1.2608","1.2454","0.49%"
"Jun 12, 2020","1.2540","1.2601","1.2655","1.2473","-0.48%"
"Jun 11, 2020","1.2600","1.2745","1.2756","1.2586","-1.14%"
"Jun 10, 2020","1.2745","1.2731","1.2814","1.2706","0.13%"
"Jun 09, 2020","1.2729","1.2723","1.2757","1.2617","0.06%"
"Jun 08, 2020","1.2722","1.2681","1.2737","1.2628","0.47%"
"Jun 05, 2020","1.2663","1.2607","1.2732","1.2582","0.55%"
"Jun 04, 2020","1.2594","1.2576","1.2634","1.2500","0.17%"
"Jun 03, 2020","1.2572","1.2550","1.2616","1.2544","0.18%"
"Jun 02, 2020","1.2549","1.2501","1.2577","1.2478","0.46%"
"Jun 01, 2020","1.2492","1.2339","1.2507","1.2322","1.20%"
"May 29, 2020","1.2344","1.2320","1.2395","1.2291","0.23%"
"May 28, 2020","1.2316","1.2261","1.2345","1.2234","0.54%"
"May 27, 2020","1.2250","1.2332","1.2355","1.2205","-0.66%"
"May 26, 2020","1.2331","1.2190","1.2364","1.2179","1.22%"
"May 25, 2020","1.2182","1.2179","1.2205","1.2163","0.15%"
"May 22, 2020","1.2164","1.2226","1.2242","1.2161","-0.47%"
"May 21, 2020","1.2222","1.2240","1.2250","1.2185","-0.14%"
"May 20, 2020","1.2239","1.2241","1.2289","1.2221","-0.10%"
"May 19, 2020","1.2251","1.2194","1.2297","1.2184","0.51%"
"May 18, 2020","1.2189","1.2086","1.2228","1.2075","0.70%"
"May 15, 2020","1.2104","1.2222","1.2239","1.2101","-1.00%"
"May 14, 2020","1.2226","1.2231","1.2242","1.2165","-0.02%"
"May 13, 2020","1.2229","1.2260","1.2341","1.2210","-0.24%"
"May 12, 2020","1.2259","1.2334","1.2377","1.2255","-0.62%"
"May 11, 2020","1.2335","1.2406","1.2438","1.2284","-0.58%"
"May 08, 2020","1.2407","1.2364","1.2469","1.2350","0.37%"
"May 07, 2020","1.2361","1.2347","1.2418","1.2265","0.16%"
"May 06, 2020","1.2341","1.2435","1.2451","1.2335","-0.75%"
"May 05, 2020","1.2434","1.2443","1.2485","1.2421","-0.06%"
"May 04, 2020","1.2442","1.2499","1.2504","1.2405","-0.48%"
"May 01, 2020","1.2502","1.2599","1.2602","1.2483","-0.71%"
"Apr 30, 2020","1.2592","1.2468","1.2643","1.2428","1.03%"
"Apr 29, 2020","1.2464","1.2425","1.2487","1.2388","0.35%"
"Apr 28, 2020","1.2421","1.2432","1.2519","1.2404","-0.06%"
"Apr 27, 2020","1.2428","1.2369","1.2456","1.2359","0.49%"
"Apr 24, 2020","1.2367","1.2344","1.2378","1.2298","0.20%"
"Apr 23, 2020","1.2342","1.2334","1.2416","1.2307","0.08%"
"Apr 22, 2020","1.2332","1.2294","1.2387","1.2273","0.32%"
"Apr 21, 2020","1.2293","1.2437","1.2451","1.2247","-1.14%"
"Apr 20, 2020","1.2435","1.2487","1.2505","1.2415","-0.51%"
"Apr 17, 2020","1.2499","1.2457","1.2523","1.2407","0.35%"
"Apr 16, 2020","1.2455","1.2514","1.2531","1.2407","-0.47%"
"Apr 15, 2020","1.2514","1.2616","1.2631","1.2437","-0.86%"
"Apr 14, 2020","1.2623","1.2514","1.2648","1.2503","0.93%"
"Apr 13, 2020","1.2507","1.2464","1.2537","1.2450","0.44%"
"Apr 10, 2020","1.2452","1.2458","1.2488","1.2443","-0.02%"
"Apr 09, 2020","1.2455","1.2385","1.2485","1.2361","0.57%"
"Apr 08, 2020","1.2385","1.2331","1.2421","1.2288","0.39%"
"Apr 07, 2020","1.2337","1.2232","1.2385","1.2164","0.88%"
"Apr 06, 2020","1.2229","1.2264","1.2328","1.2208","-0.25%"
"Apr 03, 2020","1.2260","1.2396","1.2412","1.2206","-1.07%"
"Apr 02, 2020","1.2392","1.2376","1.2476","1.2349","0.13%"
"Apr 01, 2020","1.2376","1.2429","1.2443","1.2329","-0.34%"
"Mar 31, 2020","1.2418","1.2414","1.2474","1.2251","0.02%"
"Mar 30, 2020","1.2416","1.2435","1.2469","1.2316","-0.32%"
"Mar 27, 2020","1.2456","1.2204","1.2486","1.2131","2.09%"
"Mar 26, 2020","1.2201","1.1875","1.2232","1.1775","2.66%"
"Mar 25, 2020","1.1885","1.1760","1.1976","1.1639","1.09%"
"Mar 24, 2020","1.1757","1.1549","1.1801","1.1508","1.81%"
"Mar 23, 2020","1.1548","1.1660","1.1741","1.1446","-0.80%"
"Mar 20, 2020","1.1641","1.1487","1.1934","1.1409","1.36%"
"Mar 19, 2020","1.1485","1.1619","1.1794","1.1473","-1.10%"
"Mar 18, 2020","1.1613","1.2052","1.2131","1.1461","-3.63%"
"Mar 17, 2020","1.2050","1.2270","1.2275","1.2002","-1.76%"
"Mar 16, 2020","1.2266","1.2285","1.2431","1.2201","-0.08%"
"Mar 13, 2020","1.2276","1.2574","1.2626","1.2268","-2.35%"
"Mar 12, 2020","1.2571","1.2818","1.2851","1.2490","-1.94%"
"Mar 11, 2020","1.2820","1.2904","1.2977","1.2804","-0.67%"
"Mar 10, 2020","1.2906","1.3130","1.3133","1.2881","-1.71%"
"Mar 09, 2020","1.3131","1.3047","1.3201","1.3031","0.64%"
"Mar 06, 2020","1.3047","1.2954","1.3058","1.2943","0.72%"
"Mar 05, 2020","1.2954","1.2872","1.2969","1.2859","0.65%"
"Mar 04, 2020","1.2870","1.2812","1.2874","1.2770","0.47%"
"Mar 03, 2020","1.2810","1.2752","1.2845","1.2738","0.47%"
"Mar 02, 2020","1.2750","1.2800","1.2852","1.2739","-0.55%"
"Feb 28, 2020","1.2820","1.2885","1.2921","1.2725","-0.50%"
"Feb 27, 2020","1.2884","1.2907","1.2947","1.2859","-0.15%"
"Feb 26, 2020","1.2903","1.3005","1.3013","1.2895","-0.78%"
"Feb 25, 2020","1.3004","1.2924","1.3019","1.2914","0.60%"
"Feb 24, 2020","1.2927","1.2960","1.2973","1.2886","-0.32%"
"Feb 21, 2020","1.2969","1.2884","1.2982","1.2877","0.70%"
"Feb 20, 2020","1.2879","1.2922","1.2930","1.2848","-0.31%"
"Feb 19, 2020","1.2919","1.2998","1.3024","1.2907","-0.61%"
"Feb 18, 2020","1.2998","1.3007","1.3049","1.2970","-0.06%"
"Feb 17, 2020","1.3006","1.3036","1.3055","1.2998","-0.31%"
"Feb 14, 2020","1.3046","1.3051","1.3065","1.3001","0.01%"
"Feb 13, 2020","1.3045","1.2960","1.3070","1.2944","0.66%"
"Feb 12, 2020","1.2960","1.2952","1.2993","1.2947","0.07%"
"Feb 11, 2020","1.2951","1.2915","1.2969","1.2895","0.29%"
"Feb 10, 2020","1.2913","1.2897","1.2947","1.2872","0.17%"
"Feb 07, 2020","1.2891","1.2930","1.2960","1.2881","-0.29%"
"Feb 06, 2020","1.2928","1.2999","1.3005","1.2921","-0.55%"
"Feb 05, 2020","1.3000","1.3033","1.3071","1.2956","-0.22%"
"Feb 04, 2020","1.3029","1.2996","1.3047","1.2940","0.28%"
"Feb 03, 2020","1.2993","1.3217","1.3217","1.2982","-1.56%"
"Jan 31, 2020","1.3199","1.3099","1.3210","1.3083","0.80%"
"Jan 30, 2020","1.3094","1.3020","1.3111","1.2977","0.57%"
"Jan 29, 2020","1.3020","1.3028","1.3032","1.2989","-0.05%"
"Jan 28, 2020","1.3027","1.3055","1.3067","1.2975","-0.20%"
"Jan 27, 2020","1.3053","1.3075","1.3105","1.3040","-0.18%"
"Jan 24, 2020","1.3076","1.3122","1.3174","1.3056","-0.34%"
"Jan 23, 2020","1.3121","1.3142","1.3152","1.3096","-0.14%"
"Jan 22, 2020","1.3140","1.3051","1.3154","1.3034","0.71%"
"Jan 21, 2020","1.3047","1.3013","1.3085","1.2995","0.29%"
"Jan 20, 2020","1.3009","1.3002","1.3014","1.2961","0.01%"
"Jan 17, 2020","1.3008","1.3080","1.3119","1.3005","-0.52%"
"Jan 16, 2020","1.3076","1.3039","1.3084","1.3024","0.31%"
"Jan 15, 2020","1.3036","1.3018","1.3044","1.2986","0.15%"
"Jan 14, 2020","1.3017","1.2988","1.3034","1.2953","0.22%"
"Jan 13, 2020","1.2988","1.3055","1.3064","1.2960","-0.54%"
"Jan 10, 2020","1.3059","1.3067","1.3097","1.3041","-0.05%"
"Jan 09, 2020","1.3065","1.3101","1.3125","1.3012","-0.24%"
"Jan 08, 2020","1.3097","1.3125","1.3171","1.3080","-0.20%"
"Jan 07, 2020","1.3123","1.3168","1.3213","1.3095","-0.33%"
"Jan 06, 2020","1.3167","1.3075","1.3175","1.3063","0.62%"
"Jan 03, 2020","1.3086","1.3138","1.3162","1.3053","-0.44%"
"Jan 02, 2020","1.3144","1.3255","1.3268","1.3115","-0.83%"
"Jan 01, 2020","1.3254","1.3261","1.3276","1.3237","-0.04%"
"Dec 31, 2019","1.3259","1.3117","1.3285","1.3106","1.11%"
"Dec 30, 2019","1.3113","1.3066","1.3152","1.3066","0.28%"
"Dec 27, 2019","1.3076","1.2992","1.3118","1.2967","0.65%"
"Dec 26, 2019","1.2992","1.2961","1.3017","1.2952","0.25%"
"Dec 25, 2019","1.2960","1.2943","1.2990","1.2921","0.12%"
"Dec 24, 2019","1.2944","1.2936","1.2972","1.2912","0.09%"
"Dec 23, 2019","1.2933","1.2994","1.3033","1.2904","-0.53%"
"Dec 20, 2019","1.3002","1.3010","1.3081","1.2978","-0.04%"
"Dec 19, 2019","1.3007","1.3079","1.3133","1.2989","-0.53%"
"Dec 18, 2019","1.3076","1.3129","1.3136","1.3059","-0.40%"
"Dec 17, 2019","1.3128","1.3330","1.3340","1.3099","-1.51%"
"Dec 16, 2019","1.3329","1.3336","1.3423","1.3320","0.03%"
"Dec 13, 2019","1.3325","1.3168","1.3516","1.3160","1.24%"
"Dec 12, 2019","1.3162","1.3203","1.3230","1.3051","-0.23%"
"Dec 11, 2019","1.3193","1.3157","1.3214","1.3106","0.30%"
"Dec 10, 2019","1.3154","1.3151","1.3217","1.3132","0.08%"
"Dec 09, 2019","1.3143","1.3139","1.3182","1.3117","0.06%"
"Dec 06, 2019","1.3135","1.3157","1.3167","1.3100","-0.15%"
"Dec 05, 2019","1.3155","1.3104","1.3168","1.3102","0.40%"
"Dec 04, 2019","1.3103","1.2993","1.3122","1.2981","0.85%"
"Dec 03, 2019","1.2992","1.2940","1.3012","1.2930","0.43%"
"Dec 02, 2019","1.2936","1.2917","1.2951","1.2895","0.02%"
"Nov 29, 2019","1.2933","1.2911","1.2948","1.2879","0.17%"
"Nov 28, 2019","1.2911","1.2921","1.2952","1.2898","-0.08%"
"Nov 27, 2019","1.2921","1.2866","1.2924","1.2826","0.44%"
"Nov 26, 2019","1.2865","1.2899","1.2910","1.2836","-0.26%"
"Nov 25, 2019","1.2898","1.2851","1.2913","1.2840","0.53%"
"Nov 22, 2019","1.2830","1.2915","1.2930","1.2823","-0.64%"
"Nov 21, 2019","1.2913","1.2924","1.2972","1.2893","-0.07%"
"Nov 20, 2019","1.2922","1.2924","1.2933","1.2887","0.00%"
"Nov 19, 2019","1.2922","1.2954","1.2971","1.2909","-0.23%"
"Nov 18, 2019","1.2952","1.2905","1.2986","1.2900","0.41%"
"Nov 15, 2019","1.2899","1.2881","1.2921","1.2866","0.14%"
"Nov 14, 2019","1.2881","1.2851","1.2889","1.2824","0.25%"
"Nov 13, 2019","1.2849","1.2848","1.2865","1.2822","0.04%"
"Nov 12, 2019","1.2844","1.2855","1.2875","1.2815","-0.05%"
"Nov 11, 2019","1.2851","1.2777","1.2898","1.2777","0.63%"
"Nov 08, 2019","1.2770","1.2813","1.2826","1.2768","-0.34%"
"Nov 07, 2019","1.2813","1.2853","1.2879","1.2794","-0.29%"
"Nov 06, 2019","1.2850","1.2885","1.2898","1.2844","-0.25%"
"Nov 05, 2019","1.2882","1.2884","1.2918","1.2859","0.00%"
"Nov 04, 2019","1.2882","1.2944","1.2948","1.2875","-0.40%"
"Nov 01, 2019","1.2934","1.2940","1.2974","1.2926","-0.05%"
"Oct 31, 2019","1.2940","1.2904","1.2976","1.2894","0.30%"
"Oct 30, 2019","1.2901","1.2869","1.2909","1.2845","0.28%"
"Oct 29, 2019","1.2865","1.2865","1.2905","1.2806","0.02%"
"Oct 28, 2019","1.2862","1.2825","1.2878","1.2810","0.32%"
"Oct 25, 2019","1.2821","1.2852","1.2864","1.2803","-0.23%"
"Oct 24, 2019","1.2850","1.2912","1.2952","1.2788","-0.51%"
"Oct 23, 2019","1.2916","1.2872","1.2923","1.2840","0.34%"
"Oct 22, 2019","1.2872","1.2959","1.3001","1.2861","-0.66%"
"Oct 21, 2019","1.2958","1.2925","1.3013","1.2874","-0.10%"
"Oct 18, 2019","1.2971","1.2890","1.2987","1.2838","0.64%"
"Oct 17, 2019","1.2888","1.2832","1.2990","1.2750","0.45%"
"Oct 16, 2019","1.2830","1.2787","1.2877","1.2656","0.34%"
"Oct 15, 2019","1.2786","1.2609","1.2800","1.2602","1.43%"
"Oct 14, 2019","1.2606","1.2625","1.2654","1.2515","-0.32%"
"Oct 11, 2019","1.2647","1.2441","1.2708","1.2407","1.66%"
"Oct 10, 2019","1.2440","1.2206","1.2470","1.2205","1.93%"
"Oct 09, 2019","1.2204","1.2219","1.2292","1.2198","-0.11%"
"Oct 08, 2019","1.2217","1.2292","1.2304","1.2194","-0.59%"
"Oct 07, 2019","1.2290","1.2326","1.2338","1.2286","-0.34%"
"Oct 04, 2019","1.2332","1.2333","1.2358","1.2276","0.03%"
"Oct 03, 2019","1.2328","1.2306","1.2414","1.2265","0.23%"
"Oct 02, 2019","1.2300","1.2307","1.2325","1.2227","-0.01%"
"Oct 01, 2019","1.2301","1.2287","1.2342","1.2206","0.11%"
"Sep 30, 2019","1.2287","1.2289","1.2348","1.2275","-0.01%"
"Sep 27, 2019","1.2288","1.2322","1.2338","1.2270","-0.28%"
"Sep 26, 2019","1.2322","1.2356","1.2382","1.2302","-0.22%"
"Sep 25, 2019","1.2349","1.2484","1.2500","1.2347","-1.11%"
"Sep 24, 2019","1.2488","1.2429","1.2503","1.2414","0.47%"
"Sep 23, 2019","1.2429","1.2469","1.2492","1.2413","-0.38%"
"Sep 20, 2019","1.2477","1.2524","1.2583","1.2459","-0.38%"
"Sep 19, 2019","1.2524","1.2473","1.2560","1.2438","0.45%"
"Sep 18, 2019","1.2468","1.2502","1.2514","1.2438","-0.26%"
"Sep 17, 2019","1.2500","1.2437","1.2528","1.2392","0.58%"
"Sep 16, 2019","1.2428","1.2501","1.2511","1.2399","-0.58%"
"Sep 13, 2019","1.2500","1.2335","1.2507","1.2327","1.36%"
"Sep 12, 2019","1.2332","1.2325","1.2368","1.2283","0.05%"
"Sep 11, 2019","1.2326","1.2349","1.2372","1.2312","-0.16%"
"Sep 10, 2019","1.2346","1.2347","1.2377","1.2306","0.01%"
"Sep 09, 2019","1.2345","1.2273","1.2385","1.2233","0.52%"
"Sep 06, 2019","1.2281","1.2331","1.2345","1.2278","-0.39%"
"Sep 05, 2019","1.2329","1.2253","1.2355","1.2210","0.64%"
"Sep 04, 2019","1.2250","1.2078","1.2259","1.2076","1.37%"
"Sep 03, 2019","1.2084","1.2067","1.2106","1.1958","0.15%"
"Sep 02, 2019","1.2066","1.2149","1.2176","1.2034","-0.74%"
"Aug 30, 2019","1.2156","1.2180","1.2226","1.2139","-0.26%"
"Aug 29, 2019","1.2188","1.2211","1.2234","1.2171","-0.17%"
"Aug 28, 2019","1.2209","1.2290","1.2293","1.2156","-0.63%"
"Aug 27, 2019","1.2287","1.2219","1.2310","1.2208","0.59%"
"Aug 26, 2019","1.2215","1.2264","1.2287","1.2207","-0.51%"
"Aug 23, 2019","1.2277","1.2251","1.2294","1.2194","0.22%"
"Aug 22, 2019","1.2250","1.2128","1.2273","1.2107","1.02%"
"Aug 21, 2019","1.2126","1.2170","1.2177","1.2112","-0.35%"
"Aug 20, 2019","1.2168","1.2127","1.2183","1.2064","0.35%"
"Aug 19, 2019","1.2125","1.2148","1.2174","1.2104","-0.20%"
"Aug 16, 2019","1.2149","1.2086","1.2177","1.2076","0.54%"
"Aug 15, 2019","1.2084","1.2062","1.2151","1.2049","0.21%"
"Aug 14, 2019","1.2059","1.2058","1.2102","1.2045","0.01%"
"Aug 13, 2019","1.2058","1.2076","1.2098","1.2041","-0.12%"
"Aug 12, 2019","1.2073","1.2048","1.2107","1.2014","0.32%"
"Aug 09, 2019","1.2034","1.2126","1.2155","1.2024","-0.80%"
"Aug 08, 2019","1.2131","1.2141","1.2184","1.2095","-0.07%"
"Aug 07, 2019","1.2140","1.2170","1.2192","1.2120","-0.21%"
"Aug 06, 2019","1.2166","1.2145","1.2211","1.2133","0.21%"
"Aug 05, 2019","1.2141","1.2143","1.2190","1.2101","-0.11%"
"Aug 02, 2019","1.2154","1.2135","1.2170","1.2090","0.19%"
"Aug 01, 2019","1.2131","1.2155","1.2171","1.2078","-0.21%"
"Jul 31, 2019","1.2157","1.2154","1.2250","1.2134","0.07%"
"Jul 30, 2019","1.2149","1.2220","1.2228","1.2119","-0.56%"
"Jul 29, 2019","1.2217","1.2386","1.2389","1.2212","-1.32%"
"Jul 26, 2019","1.2380","1.2464","1.2464","1.2376","-0.59%"
"Jul 25, 2019","1.2454","1.2484","1.2519","1.2436","-0.22%"
"Jul 24, 2019","1.2481","1.2438","1.2523","1.2426","0.36%"
"Jul 23, 2019","1.2436","1.2473","1.2483","1.2418","-0.30%"
"Jul 22, 2019","1.2474","1.2508","1.2522","1.2455","-0.21%"
"Jul 19, 2019","1.2500","1.2551","1.2557","1.2477","-0.37%"
"Jul 18, 2019","1.2546","1.2433","1.2559","1.2426","0.93%"
"Jul 17, 2019","1.2431","1.2407","1.2457","1.2382","0.23%"
"Jul 16, 2019","1.2403","1.2515","1.2522","1.2395","-0.89%"
"Jul 15, 2019","1.2514","1.2573","1.2581","1.2509","-0.47%"
"Jul 12, 2019","1.2573","1.2520","1.2580","1.2517","0.43%"
"Jul 11, 2019","1.2519","1.2499","1.2572","1.2498","0.16%"
"Jul 10, 2019","1.2499","1.2468","1.2522","1.2443","0.27%"
"Jul 09, 2019","1.2465","1.2514","1.2524","1.2440","-0.36%"
"Jul 08, 2019","1.2510","1.2517","1.2541","1.2499","-0.10%"
"Jul 05, 2019","1.2523","1.2581","1.2588","1.2480","-0.42%"
"Jul 04, 2019","1.2576","1.2573","1.2593","1.2567","0.04%"
"Jul 03, 2019","1.2571","1.2592","1.2603","1.2557","-0.16%"
"Jul 02, 2019","1.2591","1.2641","1.2654","1.2583","-0.37%"
"Jul 01, 2019","1.2638","1.2695","1.2708","1.2631","-0.43%"
"Jun 28, 2019","1.2693","1.2677","1.2736","1.2663","0.14%"
"Jun 27, 2019","1.2675","1.2687","1.2725","1.2661","-0.10%"
"Jun 26, 2019","1.2688","1.2700","1.2708","1.2663","-0.07%"
"Jun 25, 2019","1.2697","1.2742","1.2785","1.2671","-0.33%"
"Jun 24, 2019","1.2739","1.2722","1.2767","1.2708","-0.01%"
"Jun 21, 2019","1.2740","1.2701","1.2750","1.2642","0.32%"
"Jun 20, 2019","1.2699","1.2642","1.2729","1.2632","0.47%"
"Jun 19, 2019","1.2639","1.2558","1.2674","1.2542","0.66%"
"Jun 18, 2019","1.2556","1.2534","1.2566","1.2506","0.19%"
"Jun 17, 2019","1.2532","1.2600","1.2607","1.2531","-0.46%"
"Jun 14, 2019","1.2590","1.2676","1.2684","1.2579","-0.65%"
"Jun 13, 2019","1.2672","1.2690","1.2709","1.2661","-0.11%"
"Jun 12, 2019","1.2686","1.2724","1.2759","1.2680","-0.28%"
"Jun 11, 2019","1.2722","1.2686","1.2734","1.2669","0.31%"
"Jun 10, 2019","1.2683","1.2731","1.2748","1.2653","-0.40%"
"Jun 07, 2019","1.2734","1.2702","1.2764","1.2687","0.28%"
"Jun 06, 2019","1.2699","1.2684","1.2743","1.2667","0.12%"
"Jun 05, 2019","1.2684","1.2697","1.2744","1.2679","-0.09%"
"Jun 04, 2019","1.2696","1.2665","1.2716","1.2642","0.26%"
"Jun 03, 2019","1.2663","1.2627","1.2675","1.2609","0.25%"
"May 31, 2019","1.2631","1.2608","1.2645","1.2558","0.20%"
"May 30, 2019","1.2606","1.2627","1.2641","1.2579","-0.15%"
"May 29, 2019","1.2625","1.2654","1.2672","1.2611","-0.21%"
"May 28, 2019","1.2652","1.2679","1.2702","1.2650","-0.20%"
"May 27, 2019","1.2677","1.2727","1.2756","1.2666","-0.28%"
"May 24, 2019","1.2712","1.2657","1.2734","1.2646","0.46%"
"May 23, 2019","1.2654","1.2663","1.2685","1.2605","-0.06%"
"May 22, 2019","1.2661","1.2706","1.2722","1.2623","-0.35%"
"May 21, 2019","1.2705","1.2730","1.2815","1.2685","-0.17%"
"May 20, 2019","1.2726","1.2721","1.2759","1.2714","0.06%"
"May 17, 2019","1.2718","1.2797","1.2809","1.2713","-0.60%"
"May 16, 2019","1.2795","1.2843","1.2864","1.2787","-0.41%"
"May 15, 2019","1.2848","1.2908","1.2924","1.2825","-0.43%"
"May 14, 2019","1.2904","1.2958","1.2973","1.2902","-0.39%"
"May 13, 2019","1.2955","1.2998","1.3042","1.2940","-0.34%"
"May 10, 2019","1.2999","1.3008","1.3048","1.2990","-0.11%"
"May 09, 2019","1.3013","1.3007","1.3037","1.2967","0.05%"
"May 08, 2019","1.3006","1.3077","1.3082","1.2987","-0.52%"
"May 07, 2019","1.3074","1.3097","1.3133","1.3039","-0.16%"
"May 06, 2019","1.3095","1.3114","1.3171","1.3081","-0.58%"
"May 03, 2019","1.3171","1.3033","1.3178","1.2989","1.05%"
"May 02, 2019","1.3034","1.3050","1.3082","1.3017","-0.11%"
"May 01, 2019","1.3049","1.3033","1.3103","1.3029","0.14%"
"Apr 30, 2019","1.3031","1.2939","1.3050","1.2924","0.73%"
"Apr 29, 2019","1.2936","1.2926","1.2947","1.2904","0.15%"
"Apr 26, 2019","1.2917","1.2899","1.2945","1.2876","0.16%"
"Apr 25, 2019","1.2897","1.2902","1.2918","1.2865","-0.02%"
"Apr 24, 2019","1.2900","1.2938","1.2965","1.2888","-0.29%"
"Apr 23, 2019","1.2937","1.2981","1.3020","1.2928","-0.35%"
"Apr 22, 2019","1.2982","1.2995","1.3002","1.2974","-0.05%"
"Apr 19, 2019","1.2988","1.2998","1.3015","1.2982","-0.06%"
"Apr 18, 2019","1.2996","1.3042","1.3054","1.2979","-0.36%"
"Apr 17, 2019","1.3043","1.3049","1.3069","1.3029","-0.04%"
"Apr 16, 2019","1.3048","1.3102","1.3113","1.3042","-0.37%"
"Apr 15, 2019","1.3097","1.3076","1.3120","1.3065","0.12%"
"Apr 12, 2019","1.3081","1.3061","1.3133","1.3049","0.21%"
"Apr 11, 2019","1.3054","1.3092","1.3110","1.3050","-0.27%"
"Apr 10, 2019","1.3089","1.3058","1.3122","1.3043","0.22%"
"Apr 09, 2019","1.3060","1.3065","1.3123","1.3030","-0.02%"
"Apr 08, 2019","1.3062","1.3036","1.3076","1.3021","0.20%"
"Apr 05, 2019","1.3036","1.3079","1.3124","1.2987","-0.31%"
"Apr 04, 2019","1.3077","1.3161","1.3192","1.3060","-0.62%"
"Apr 03, 2019","1.3159","1.3127","1.3197","1.3121","0.24%"
"Apr 02, 2019","1.3127","1.3102","1.3151","1.3013","0.21%"
"Apr 01, 2019","1.3099","1.3038","1.3151","1.3009","0.52%"
"Mar 29, 2019","1.3031","1.3046","1.3137","1.2978","-0.09%"
"Mar 28, 2019","1.3043","1.3189","1.3217","1.3034","-1.11%"
"Mar 27, 2019","1.3189","1.3208","1.3270","1.3166","-0.14%"
"Mar 26, 2019","1.3207","1.3194","1.3263","1.3158","0.04%"
"Mar 25, 2019","1.3202","1.3207","1.3247","1.3160","-0.05%"
"Mar 22, 2019","1.3209","1.3109","1.3225","1.3081","0.78%"
"Mar 21, 2019","1.3107","1.3196","1.3230","1.3004","-0.67%"
"Mar 20, 2019","1.3196","1.3269","1.3283","1.3145","-0.54%"
"Mar 19, 2019","1.3267","1.3256","1.3312","1.3240","0.09%"
"Mar 18, 2019","1.3255","1.3288","1.3302","1.3183","-0.26%"
"Mar 15, 2019","1.3289","1.3240","1.3302","1.3202","0.38%"
"Mar 14, 2019","1.3239","1.3341","1.3342","1.3207","-0.73%"
"Mar 13, 2019","1.3337","1.3076","1.3384","1.3059","2.02%"
"Mar 12, 2019","1.3073","1.3151","1.3290","1.3004","-0.59%"
"Mar 11, 2019","1.3151","1.3018","1.3172","1.2948","1.04%"
"Mar 08, 2019","1.3015","1.3085","1.3110","1.2989","-0.53%"
"Mar 07, 2019","1.3084","1.3170","1.3187","1.3068","-0.65%"
"Mar 06, 2019","1.3169","1.3180","1.3182","1.3124","-0.05%"
"Mar 05, 2019","1.3175","1.3177","1.3199","1.3097","-0.08%"
"Mar 04, 2019","1.3186","1.3238","1.3275","1.3166","-0.12%"
"Mar 01, 2019","1.3202","1.3262","1.3288","1.3171","-0.44%"
"Feb 28, 2019","1.3261","1.3309","1.3326","1.3253","-0.35%"
"Feb 27, 2019","1.3308","1.3250","1.3350","1.3233","0.44%"
"Feb 26, 2019","1.3250","1.3089","1.3290","1.3089","1.18%"
"Feb 25, 2019","1.3095","1.3074","1.3115","1.3040","0.33%"
"Feb 22, 2019","1.3052","1.3045","1.3082","1.2967","0.02%"
"Feb 21, 2019","1.3049","1.3051","1.3096","1.3025","0.00%"
"Feb 20, 2019","1.3049","1.3062","1.3110","1.3011","-0.10%"
"Feb 19, 2019","1.3062","1.2923","1.3075","1.2895","1.09%"
"Feb 18, 2019","1.2921","1.2891","1.2939","1.2891","0.25%"
"Feb 15, 2019","1.2889","1.2808","1.2899","1.2784","0.61%"
"Feb 14, 2019","1.2811","1.2845","1.2879","1.2772","-0.26%"
"Feb 13, 2019","1.2844","1.2893","1.2960","1.2845","-0.36%"
"Feb 12, 2019","1.2890","1.2859","1.2910","1.2832","0.32%"
"Feb 11, 2019","1.2849","1.2949","1.2957","1.2845","-0.76%"
"Feb 08, 2019","1.2947","1.2954","1.2977","1.2921","-0.05%"
"Feb 07, 2019","1.2953","1.2933","1.2997","1.2853","0.16%"
"Feb 06, 2019","1.2932","1.2950","1.2981","1.2925","-0.08%"
"Feb 05, 2019","1.2942","1.3039","1.3056","1.2924","-0.71%"
"Feb 04, 2019","1.3035","1.3085","1.3104","1.3029","-0.37%"
"Feb 01, 2019","1.3083","1.3107","1.3116","1.3043","-0.13%"
"Jan 31, 2019","1.3100","1.3116","1.3161","1.3097","-0.12%"
"Jan 30, 2019","1.3116","1.3066","1.3147","1.3053","0.38%"
"Jan 29, 2019","1.3066","1.3168","1.3200","1.3056","-0.73%"
"Jan 28, 2019","1.3162","1.3194","1.3214","1.3137","-0.30%"
"Jan 25, 2019","1.3201","1.3065","1.3218","1.3055","1.05%"
"Jan 24, 2019","1.3064","1.3068","1.3096","1.3011","-0.02%"
"Jan 23, 2019","1.3067","1.2959","1.3082","1.2943","0.85%"
"Jan 22, 2019","1.2957","1.2890","1.2976","1.2855","0.52%"
"Jan 21, 2019","1.2890","1.2883","1.2912","1.2830","0.13%"
"Jan 18, 2019","1.2873","1.2986","1.2995","1.2856","-0.85%"
"Jan 17, 2019","1.2984","1.2886","1.3002","1.2832","0.80%"
"Jan 16, 2019","1.2881","1.2860","1.2898","1.2824","0.18%"
"Jan 15, 2019","1.2858","1.2862","1.2917","1.2670","-0.04%"
"Jan 14, 2019","1.2863","1.2848","1.2931","1.2817","0.17%"
"Jan 11, 2019","1.2841","1.2758","1.2867","1.2709","0.74%"
"Jan 10, 2019","1.2747","1.2789","1.2802","1.2728","-0.32%"
"Jan 09, 2019","1.2788","1.2717","1.2806","1.2711","0.56%"
"Jan 08, 2019","1.2717","1.2780","1.2798","1.2706","-0.48%"
"Jan 07, 2019","1.2778","1.2730","1.2788","1.2717","0.41%"
"Jan 04, 2019","1.2726","1.2629","1.2745","1.2615","0.75%"
"Jan 03, 2019","1.2631","1.2605","1.2649","1.2438","0.19%"
"Jan 02, 2019","1.2607","1.2742","1.2776","1.2581","-1.13%"
"Jan 01, 2019","1.2751","1.2761","1.2765","1.2725","-0.05%"
"Dec 31, 2018","1.2757","1.2682","1.2816","1.2680","0.41%"
"Dec 28, 2018","1.2705","1.2644","1.2711","1.2634","0.50%"
"Dec 27, 2018","1.2642","1.2632","1.2676","1.2615","0.08%"
"Dec 26, 2018","1.2632","1.2674","1.2721","1.2630","-0.41%"
"Dec 25, 2018","1.2684","1.2724","1.2728","1.2665","-0.30%"
"Dec 24, 2018","1.2722","1.2652","1.2744","1.2629","0.73%"
"Dec 21, 2018","1.2630","1.2658","1.2699","1.2617","-0.20%"
"Dec 20, 2018","1.2655","1.2610","1.2708","1.2608","0.38%"
"Dec 19, 2018","1.2607","1.2640","1.2680","1.2607","-0.29%"
"Dec 18, 2018","1.2644","1.2624","1.2707","1.2609","0.15%"
"Dec 17, 2018","1.2625","1.2591","1.2648","1.2569","0.33%"
"Dec 14, 2018","1.2583","1.2656","1.2676","1.2529","-0.57%"
"Dec 13, 2018","1.2655","1.2635","1.2687","1.2609","0.21%"
"Dec 12, 2018","1.2629","1.2488","1.2673","1.2477","1.16%"
"Dec 11, 2018","1.2484","1.2564","1.2639","1.2479","-0.60%"
"Dec 10, 2018","1.2559","1.2729","1.2760","1.2507","-1.31%"
"Dec 07, 2018","1.2726","1.2785","1.2813","1.2710","-0.44%"
"Dec 06, 2018","1.2782","1.2733","1.2813","1.2699","0.40%"
"Dec 05, 2018","1.2731","1.2724","1.2799","1.2671","0.10%"
"Dec 04, 2018","1.2718","1.2724","1.2841","1.2659","-0.03%"
"Dec 03, 2018","1.2722","1.2768","1.2826","1.2699","-0.23%"
"Nov 30, 2018","1.2751","1.2792","1.2810","1.2735","-0.32%"
"Nov 29, 2018","1.2792","1.2824","1.2852","1.2754","-0.25%"
"Nov 28, 2018","1.2824","1.2746","1.2849","1.2731","0.60%"
"Nov 27, 2018","1.2747","1.2835","1.2836","1.2724","-0.67%"
"Nov 26, 2018","1.2833","1.2853","1.2865","1.2795","0.16%"
"Nov 23, 2018","1.2812","1.2879","1.2884","1.2799","-0.50%"
"Nov 22, 2018","1.2876","1.2776","1.2929","1.2768","0.79%"
"Nov 21, 2018","1.2775","1.2788","1.2821","1.2763","-0.09%"
"Nov 20, 2018","1.2786","1.2852","1.2884","1.2775","-0.49%"
"Nov 19, 2018","1.2849","1.2829","1.2885","1.2795","0.09%"
"Nov 16, 2018","1.2837","1.2773","1.2879","1.2759","0.49%"
"Nov 15, 2018","1.2774","1.2991","1.3031","1.2724","-1.69%"
"Nov 14, 2018","1.2994","1.2979","1.3073","1.2885","0.18%"
"Nov 13, 2018","1.2971","1.2849","1.3048","1.2840","0.97%"
"Nov 12, 2018","1.2847","1.2960","1.2967","1.2826","-0.98%"
"Nov 09, 2018","1.2974","1.3062","1.3082","1.2958","-0.67%"
"Nov 08, 2018","1.3061","1.3127","1.3151","1.3045","-0.48%"
"Nov 07, 2018","1.3124","1.3102","1.3176","1.3073","0.21%"
"Nov 06, 2018","1.3097","1.3041","1.3109","1.3020","0.44%"
"Nov 05, 2018","1.3040","1.3025","1.3064","1.2965","0.54%"
"Nov 02, 2018","1.2970","1.3011","1.3042","1.2950","-0.30%"
"Nov 01, 2018","1.3009","1.2769","1.3037","1.2760","1.91%"
"Oct 31, 2018","1.2765","1.2707","1.2832","1.2698","0.48%"
"Oct 30, 2018","1.2704","1.2793","1.2814","1.2695","-0.68%"
"Oct 29, 2018","1.2791","1.2828","1.2854","1.2791","-0.31%"
"Oct 26, 2018","1.2831","1.2817","1.2843","1.2776","0.12%"
"Oct 25, 2018","1.2815","1.2883","1.2921","1.2797","-0.50%"
"Oct 24, 2018","1.2880","1.2983","1.2995","1.2866","-0.79%"
"Oct 23, 2018","1.2982","1.2966","1.3045","1.2937","0.16%"
"Oct 22, 2018","1.2961","1.3068","1.3092","1.2955","-0.83%"
"Oct 19, 2018","1.3070","1.3018","1.3105","1.3010","0.40%"
"Oct 18, 2018","1.3018","1.3113","1.3132","1.3015","-0.74%"
"Oct 17, 2018","1.3115","1.3183","1.3194","1.3100","-0.55%"
"Oct 16, 2018","1.3187","1.3153","1.3237","1.3141","0.26%"
"Oct 15, 2018","1.3153","1.3140","1.3183","1.3079","-0.02%"
"Oct 12, 2018","1.3155","1.3225","1.3259","1.3149","-0.61%"
"Oct 11, 2018","1.3236","1.3196","1.3249","1.3182","0.30%"
"Oct 10, 2018","1.3196","1.3143","1.3217","1.3134","0.40%"
"Oct 09, 2018","1.3144","1.3091","1.3152","1.3032","0.41%"
"Oct 08, 2018","1.3090","1.3108","1.3136","1.3028","-0.25%"
"Oct 05, 2018","1.3123","1.3019","1.3126","1.3002","0.79%"
"Oct 04, 2018","1.3020","1.2941","1.3042","1.2921","0.62%"
"Oct 03, 2018","1.2940","1.2979","1.3024","1.2924","-0.30%"
"Oct 02, 2018","1.2979","1.3044","1.3057","1.2940","-0.49%"
"Oct 01, 2018","1.3043","1.3031","1.3112","1.3011","0.09%"
"Sep 28, 2018","1.3031","1.3081","1.3093","1.3000","-0.39%"
"Sep 27, 2018","1.3082","1.3168","1.3188","1.3075","-0.67%"
"Sep 26, 2018","1.3170","1.3185","1.3219","1.3138","-0.10%"
"Sep 25, 2018","1.3183","1.3121","1.3195","1.3094","0.47%"
"Sep 24, 2018","1.3121","1.3069","1.3169","1.3055","0.34%"
"Sep 21, 2018","1.3077","1.3268","1.3278","1.3054","-1.43%"
"Sep 20, 2018","1.3267","1.3144","1.3299","1.3135","0.94%"
"Sep 19, 2018","1.3144","1.3150","1.3216","1.3095","-0.04%"
"Sep 18, 2018","1.3149","1.3158","1.3174","1.3118","-0.07%"
"Sep 17, 2018","1.3158","1.3069","1.3168","1.3069","0.69%"
"Sep 14, 2018","1.3068","1.3107","1.3143","1.3055","-0.30%"
"Sep 13, 2018","1.3107","1.3047","1.3123","1.3026","0.45%"
"Sep 12, 2018","1.3048","1.3033","1.3081","1.2980","0.10%"
"Sep 11, 2018","1.3035","1.3027","1.3089","1.2970","0.06%"
"Sep 10, 2018","1.3027","1.2935","1.3053","1.2896","0.80%"
"Sep 07, 2018","1.2924","1.2933","1.3031","1.2910","-0.06%"
"Sep 06, 2018","1.2932","1.2905","1.2963","1.2895","0.22%"
"Sep 05, 2018","1.2904","1.2854","1.2984","1.2785","0.37%"
"Sep 04, 2018","1.2856","1.2867","1.2884","1.2811","-0.12%"
"Sep 03, 2018","1.2872","1.2971","1.2971","1.2854","-0.70%"
"Aug 31, 2018","1.2963","1.3014","1.3031","1.2947","-0.36%"
"Aug 30, 2018","1.3010","1.3027","1.3045","1.2985","-0.13%"
"Aug 29, 2018","1.3027","1.2876","1.3034","1.2846","1.16%"
"Aug 28, 2018","1.2877","1.2893","1.2933","1.2861","-0.12%"
"Aug 27, 2018","1.2893","1.2840","1.2903","1.2829","0.37%"
"Aug 24, 2018","1.2845","1.2815","1.2883","1.2799","0.26%"
"Aug 23, 2018","1.2812","1.2912","1.2920","1.2804","-0.77%"
"Aug 22, 2018","1.2911","1.2905","1.2938","1.2868","0.08%"
"Aug 21, 2018","1.2901","1.2796","1.2928","1.2793","0.80%"
"Aug 20, 2018","1.2798","1.2740","1.2801","1.2730","0.36%"
"Aug 17, 2018","1.2752","1.2716","1.2755","1.2698","0.26%"
"Aug 16, 2018","1.2719","1.2696","1.2756","1.2687","0.17%"
"Aug 15, 2018","1.2698","1.2727","1.2742","1.2662","-0.21%"
"Aug 14, 2018","1.2725","1.2771","1.2827","1.2704","-0.34%"
"Aug 13, 2018","1.2768","1.2768","1.2793","1.2729","-0.01%"
"Aug 10, 2018","1.2769","1.2824","1.2838","1.2723","-0.43%"
"Aug 09, 2018","1.2824","1.2881","1.2913","1.2820","-0.44%"
"Aug 08, 2018","1.2881","1.2938","1.2963","1.2853","-0.45%"
"Aug 07, 2018","1.2939","1.2943","1.2975","1.2925","-0.03%"
"Aug 06, 2018","1.2943","1.3012","1.3019","1.2919","-0.50%"
"Aug 03, 2018","1.3008","1.3019","1.3045","1.2975","-0.08%"
"Aug 02, 2018","1.3018","1.3124","1.3131","1.3014","-0.82%"
"Aug 01, 2018","1.3126","1.3127","1.3146","1.3095","-0.01%"
"Jul 31, 2018","1.3127","1.3134","1.3175","1.3091","-0.05%"
"Jul 30, 2018","1.3133","1.3095","1.3154","1.3093","0.22%"
"Jul 27, 2018","1.3104","1.3109","1.3133","1.3081","-0.04%"
"Jul 26, 2018","1.3109","1.3191","1.3215","1.3105","-0.61%"
"Jul 25, 2018","1.3189","1.3144","1.3202","1.3132","0.33%"
"Jul 24, 2018","1.3145","1.3101","1.3161","1.3071","0.33%"
"Jul 23, 2018","1.3102","1.3122","1.3159","1.3081","-0.24%"
"Jul 20, 2018","1.3134","1.3014","1.3141","1.2994","0.92%"
"Jul 19, 2018","1.3014","1.3069","1.3085","1.2957","-0.42%"
"Jul 18, 2018","1.3069","1.3114","1.3124","1.3009","-0.35%"
"Jul 17, 2018","1.3115","1.3236","1.3271","1.3072","-0.91%"
"Jul 16, 2018","1.3236","1.3230","1.3295","1.3216","0.01%"
"Jul 13, 2018","1.3235","1.3207","1.3241","1.3103","0.22%"
"Jul 12, 2018","1.3206","1.3205","1.3246","1.3180","0.01%"
"Jul 11, 2018","1.3205","1.3278","1.3288","1.3199","-0.53%"
"Jul 10, 2018","1.3276","1.3260","1.3302","1.3224","0.13%"
"Jul 09, 2018","1.3259","1.3304","1.3364","1.3190","-0.20%"
"Jul 06, 2018","1.3285","1.3228","1.3293","1.3203","0.44%"
"Jul 05, 2018","1.3227","1.3230","1.3276","1.3203","-0.05%"
"Jul 04, 2018","1.3233","1.3196","1.3252","1.3171","0.30%"
"Jul 03, 2018","1.3193","1.3143","1.3208","1.3115","0.38%"
"Jul 02, 2018","1.3143","1.3182","1.3211","1.3094","-0.50%"
"Jun 29, 2018","1.3209","1.3077","1.3215","1.3068","1.00%"
"Jun 28, 2018","1.3078","1.3114","1.3123","1.3050","-0.27%"
"Jun 27, 2018","1.3113","1.3229","1.3245","1.3107","-0.87%"
"Jun 26, 2018","1.3228","1.3284","1.3294","1.3192","-0.37%"
"Jun 25, 2018","1.3277","1.3276","1.3292","1.3222","0.05%"
"Jun 22, 2018","1.3270","1.3252","1.3316","1.3236","0.14%"
"Jun 21, 2018","1.3252","1.3176","1.3271","1.3101","0.60%"
"Jun 20, 2018","1.3173","1.3174","1.3217","1.3148","-0.05%"
"Jun 19, 2018","1.3180","1.3244","1.3275","1.3150","-0.48%"
"Jun 18, 2018","1.3244","1.3262","1.3287","1.3225","-0.31%"
"Jun 15, 2018","1.3285","1.3262","1.3299","1.3212","0.17%"
"Jun 14, 2018","1.3262","1.3375","1.3447","1.3256","-0.85%"
"Jun 13, 2018","1.3376","1.3373","1.3392","1.3308","0.03%"
"Jun 12, 2018","1.3372","1.3382","1.3426","1.3342","-0.02%"
"Jun 11, 2018","1.3375","1.3404","1.3443","1.3345","-0.28%"
"Jun 08, 2018","1.3412","1.3421","1.3439","1.3354","-0.07%"
"Jun 07, 2018","1.3422","1.3413","1.3474","1.3374","0.07%"
"Jun 06, 2018","1.3413","1.3396","1.3445","1.3383","0.12%"
"Jun 05, 2018","1.3397","1.3314","1.3412","1.3302","0.63%"
"Jun 04, 2018","1.3313","1.3337","1.3400","1.3294","-0.26%"
"Jun 01, 2018","1.3348","1.3299","1.3363","1.3252","0.36%"
"May 31, 2018","1.3300","1.3290","1.3350","1.3277","0.06%"
"May 30, 2018","1.3292","1.3251","1.3310","1.3242","0.29%"
"May 29, 2018","1.3254","1.3312","1.3328","1.3205","-0.45%"
"May 28, 2018","1.3314","1.3308","1.3342","1.3296","0.04%"
"May 25, 2018","1.3309","1.3380","1.3393","1.3294","-0.54%"
"May 24, 2018","1.3381","1.3346","1.3423","1.3339","0.24%"
"May 23, 2018","1.3349","1.3437","1.3444","1.3305","-0.65%"
"May 22, 2018","1.3436","1.3431","1.3493","1.3412","0.04%"
"May 21, 2018","1.3431","1.3473","1.3485","1.3392","-0.32%"
"May 18, 2018","1.3474","1.3518","1.3531","1.3455","-0.32%"
"May 17, 2018","1.3517","1.3489","1.3571","1.3473","0.22%"
"May 16, 2018","1.3488","1.3506","1.3523","1.3456","-0.13%"
"May 15, 2018","1.3506","1.3558","1.3575","1.3452","-0.37%"
"May 14, 2018","1.3556","1.3547","1.3610","1.3538","0.10%"
"May 11, 2018","1.3543","1.3520","1.3598","1.3502","0.19%"
"May 10, 2018","1.3517","1.3544","1.3618","1.3458","-0.21%"
"May 09, 2018","1.3546","1.3546","1.3608","1.3498","0.00%"
"May 08, 2018","1.3546","1.3557","1.3593","1.3484","-0.08%"
"May 07, 2018","1.3557","1.3536","1.3577","1.3515","0.18%"
"May 04, 2018","1.3533","1.3577","1.3588","1.3487","-0.32%"
"May 03, 2018","1.3576","1.3580","1.3631","1.3537","-0.01%"
"May 02, 2018","1.3578","1.3614","1.3668","1.3554","-0.26%"
"May 01, 2018","1.3614","1.3762","1.3776","1.3589","-1.15%"
"Apr 30, 2018","1.3772","1.3787","1.3795","1.3714","-0.06%"
"Apr 27, 2018","1.3780","1.3920","1.3937","1.3747","-0.98%"
"Apr 26, 2018","1.3916","1.3933","1.3999","1.3895","-0.11%"
"Apr 25, 2018","1.3931","1.3979","1.3998","1.3923","-0.33%"
"Apr 24, 2018","1.3977","1.3940","1.3989","1.3918","0.26%"
"Apr 23, 2018","1.3941","1.4020","1.4033","1.3926","-0.45%"
"Apr 20, 2018","1.4004","1.4086","1.4092","1.3994","-0.62%"
"Apr 19, 2018","1.4091","1.4202","1.4246","1.4068","-0.79%"
"Apr 18, 2018","1.4203","1.4288","1.4316","1.4173","-0.59%"
"Apr 17, 2018","1.4288","1.4336","1.4378","1.4282","-0.35%"
"Apr 16, 2018","1.4338","1.4254","1.4347","1.4227","0.68%"
"Apr 13, 2018","1.4241","1.4226","1.4298","1.4220","0.10%"
"Apr 12, 2018","1.4227","1.4178","1.4248","1.4145","0.34%"
"Apr 11, 2018","1.4179","1.4177","1.4224","1.4161","0.03%"
"Apr 10, 2018","1.4175","1.4131","1.4191","1.4121","0.31%"
"Apr 09, 2018","1.4131","1.4098","1.4166","1.4077","0.28%"
"Apr 06, 2018","1.4092","1.4003","1.4106","1.3982","0.64%"
"Apr 05, 2018","1.4003","1.4079","1.4100","1.3965","-0.56%"
"Apr 04, 2018","1.4082","1.4059","1.4098","1.4014","0.16%"
"Apr 03, 2018","1.4059","1.4045","1.4091","1.4021","0.10%"
"Apr 02, 2018","1.4045","1.4026","1.4080","1.4020","0.19%"
"Mar 30, 2018","1.4018","1.4018","1.4062","1.4009","0.01%"
"Mar 29, 2018","1.4017","1.4077","1.4098","1.4010","-0.43%"
"Mar 28, 2018","1.4078","1.4154","1.4202","1.4069","-0.56%"
"Mar 27, 2018","1.4157","1.4231","1.4246","1.4067","-0.50%"
"Mar 26, 2018","1.4228","1.4142","1.4246","1.4132","0.67%"
"Mar 23, 2018","1.4134","1.4096","1.4172","1.4084","0.27%"
"Mar 22, 2018","1.4096","1.4141","1.4218","1.4076","-0.33%"
"Mar 21, 2018","1.4142","1.3998","1.4152","1.3997","1.03%"
"Mar 20, 2018","1.3998","1.4024","1.4067","1.3981","-0.19%"
"Mar 19, 2018","1.4024","1.3931","1.4088","1.3911","0.60%"
"Mar 16, 2018","1.3941","1.3936","1.3981","1.3886","0.02%"
"Mar 15, 2018","1.3938","1.3962","1.3989","1.3921","-0.16%"
"Mar 14, 2018","1.3961","1.3961","1.3998","1.3926","-0.01%"
"Mar 13, 2018","1.3962","1.3906","1.3997","1.3876","0.41%"
"Mar 12, 2018","1.3905","1.3852","1.3918","1.3839","0.40%"
"Mar 09, 2018","1.3849","1.3811","1.3890","1.3788","0.27%"
"Mar 08, 2018","1.3812","1.3900","1.3911","1.3782","-0.64%"
"Mar 07, 2018","1.3901","1.3887","1.3915","1.3846","0.10%"
"Mar 06, 2018","1.3887","1.3850","1.3932","1.3817","0.27%"
"Mar 05, 2018","1.3849","1.3797","1.3877","1.3766","0.32%"
"Mar 02, 2018","1.3805","1.3777","1.3819","1.3757","0.21%"
"Mar 01, 2018","1.3776","1.3762","1.3786","1.3712","0.12%"
"Feb 28, 2018","1.3760","1.3907","1.3916","1.3756","-1.07%"
"Feb 27, 2018","1.3909","1.3967","1.3999","1.3858","-0.42%"
"Feb 26, 2018","1.3967","1.3974","1.4071","1.3928","0.00%"
"Feb 23, 2018","1.3967","1.3962","1.4007","1.3905","0.08%"
"Feb 22, 2018","1.3956","1.3919","1.3988","1.3857","0.27%"
"Feb 21, 2018","1.3918","1.3996","1.4009","1.3905","-0.56%"
"Feb 20, 2018","1.3996","1.4005","1.4026","1.3931","-0.06%"
"Feb 19, 2018","1.4005","1.4034","1.4051","1.3958","-0.26%"
"Feb 16, 2018","1.4042","1.4100","1.4146","1.3998","-0.40%"
"Feb 15, 2018","1.4099","1.4002","1.4105","1.3990","0.72%"
"Feb 14, 2018","1.3998","1.3894","1.4018","1.3799","0.76%"
"Feb 13, 2018","1.3892","1.3837","1.3925","1.3832","0.39%"
"Feb 12, 2018","1.3838","1.3827","1.3878","1.3797","0.00%"
"Feb 09, 2018","1.3838","1.3914","1.3989","1.3765","-0.55%"
"Feb 08, 2018","1.3914","1.3879","1.4067","1.3846","0.23%"
"Feb 07, 2018","1.3882","1.3949","1.3994","1.3848","-0.47%"
"Feb 06, 2018","1.3948","1.3960","1.4001","1.3836","-0.08%"
"Feb 05, 2018","1.3959","1.4130","1.4151","1.3955","-1.16%"
"Feb 02, 2018","1.4123","1.4264","1.4280","1.4102","-1.00%"
"Feb 01, 2018","1.4265","1.4191","1.4278","1.4158","0.51%"
"Jan 31, 2018","1.4192","1.4148","1.4234","1.4121","0.33%"
"Jan 30, 2018","1.4146","1.4074","1.4166","1.3979","0.50%"
"Jan 29, 2018","1.4075","1.4163","1.4163","1.4026","-0.67%"
"Jan 26, 2018","1.4170","1.4147","1.4287","1.4109","0.17%"
"Jan 25, 2018","1.4146","1.4244","1.4345","1.4083","-0.68%"
"Jan 24, 2018","1.4243","1.3999","1.4263","1.3997","1.73%"
"Jan 23, 2018","1.4001","1.3989","1.4028","1.3916","0.10%"
"Jan 22, 2018","1.3987","1.3881","1.3993","1.3858","0.97%"
"Jan 19, 2018","1.3852","1.3897","1.3947","1.3840","-0.30%"
"Jan 18, 2018","1.3893","1.3831","1.3914","1.3805","0.48%"
"Jan 17, 2018","1.3827","1.3791","1.3944","1.3757","0.25%"
"Jan 16, 2018","1.3793","1.3791","1.3806","1.3740","0.01%"
"Jan 15, 2018","1.3792","1.3731","1.3822","1.3723","0.46%"
"Jan 12, 2018","1.3729","1.3538","1.3743","1.3535","1.41%"
"Jan 11, 2018","1.3538","1.3506","1.3556","1.3457","0.23%"
"Jan 10, 2018","1.3507","1.3541","1.3564","1.3482","-0.24%"
"Jan 09, 2018","1.3540","1.3570","1.3583","1.3506","-0.21%"
"Jan 08, 2018","1.3568","1.3572","1.3587","1.3523","-0.02%"
"Jan 05, 2018","1.3571","1.3552","1.3583","1.3523","0.13%"
"Jan 04, 2018","1.3553","1.3515","1.3562","1.3505","0.27%"
"Jan 03, 2018","1.3516","1.3588","1.3614","1.3497","-0.53%"
"Jan 02, 2018","1.3588","1.3507","1.3602","1.3500","0.63%"
"Jan 01, 2018","1.3503","1.3515","1.3522","1.3494","-0.09%"
"Dec 29, 2017","1.3515","1.3444","1.3545","1.3428","0.54%"
"Dec 28, 2017","1.3443","1.3397","1.3458","1.3392","0.34%"
"Dec 27, 2017","1.3397","1.3375","1.3431","1.3368","0.17%"
"Dec 26, 2017","1.3374","1.3371","1.3391","1.3347","0.04%"
"Dec 25, 2017","1.3369","1.3357","1.3396","1.3355","0.05%"
"Dec 22, 2017","1.3362","1.3386","1.3399","1.3349","-0.17%"
"Dec 21, 2017","1.3385","1.3376","1.3389","1.3331","0.07%"
"Dec 20, 2017","1.3376","1.3386","1.3422","1.3372","-0.07%"
"Dec 19, 2017","1.3385","1.3382","1.3403","1.3332","0.02%"
"Dec 18, 2017","1.3382","1.3328","1.3420","1.3310","0.46%"
"Dec 15, 2017","1.3321","1.3431","1.3450","1.3302","-0.83%"
"Dec 14, 2017","1.3432","1.3418","1.3463","1.3390","0.09%"
"Dec 13, 2017","1.3420","1.3317","1.3422","1.3311","0.77%"
"Dec 12, 2017","1.3317","1.3339","1.3381","1.3304","-0.16%"
"Dec 11, 2017","1.3339","1.3392","1.3432","1.3331","-0.40%"
"Dec 08, 2017","1.3392","1.3477","1.3521","1.3355","-0.61%"
"Dec 07, 2017","1.3474","1.3391","1.3485","1.3319","0.60%"
"Dec 06, 2017","1.3394","1.3442","1.3449","1.3357","-0.36%"
"Dec 05, 2017","1.3443","1.3479","1.3483","1.3370","-0.27%"
"Dec 04, 2017","1.3479","1.3479","1.3539","1.3417","0.04%"
"Dec 01, 2017","1.3473","1.3525","1.3552","1.3445","-0.39%"
"Nov 30, 2017","1.3526","1.3410","1.3550","1.3405","0.87%"
"Nov 29, 2017","1.3409","1.3340","1.3450","1.3339","0.53%"
"Nov 28, 2017","1.3338","1.3312","1.3388","1.3221","0.15%"
"Nov 27, 2017","1.3318","1.3337","1.3384","1.3310","-0.14%"
"Nov 24, 2017","1.3337","1.3309","1.3361","1.3279","0.20%"
"Nov 23, 2017","1.3310","1.3325","1.3338","1.3284","-0.12%"
"Nov 22, 2017","1.3326","1.3239","1.3332","1.3214","0.66%"
"Nov 21, 2017","1.3239","1.3236","1.3270","1.3211","0.03%"
"Nov 20, 2017","1.3235","1.3217","1.3280","1.3184","0.16%"
"Nov 17, 2017","1.3214","1.3196","1.3261","1.3170","0.14%"
"Nov 16, 2017","1.3195","1.3171","1.3209","1.3135","0.18%"
"Nov 15, 2017","1.3171","1.3167","1.3216","1.3131","0.05%"
"Nov 14, 2017","1.3165","1.3116","1.3188","1.3075","0.37%"
"Nov 13, 2017","1.3116","1.3183","1.3198","1.3062","-0.57%"
"Nov 10, 2017","1.3191","1.3148","1.3232","1.3113","0.30%"
"Nov 09, 2017","1.3151","1.3115","1.3167","1.3086","0.27%"
"Nov 08, 2017","1.3116","1.3167","1.3178","1.3087","-0.39%"
"Nov 07, 2017","1.3167","1.3170","1.3179","1.3109","-0.04%"
"Nov 06, 2017","1.3172","1.3085","1.3177","1.3058","0.73%"
"Nov 03, 2017","1.3076","1.3059","1.3132","1.3039","0.13%"
"Nov 02, 2017","1.3059","1.3245","1.3300","1.3043","-1.41%"
"Nov 01, 2017","1.3246","1.3282","1.3321","1.3240","-0.28%"
"Oct 31, 2017","1.3283","1.3207","1.3289","1.3190","0.57%"
"Oct 30, 2017","1.3208","1.3112","1.3216","1.3105","0.60%"
"Oct 27, 2017","1.3129","1.3161","1.3164","1.3070","-0.24%"
"Oct 26, 2017","1.3160","1.3264","1.3281","1.3147","-0.78%"
"Oct 25, 2017","1.3264","1.3132","1.3272","1.3110","0.97%"
"Oct 24, 2017","1.3136","1.3199","1.3229","1.3112","-0.46%"
"Oct 23, 2017","1.3197","1.3187","1.3228","1.3156","0.05%"
"Oct 20, 2017","1.3190","1.3159","1.3202","1.3087","0.24%"
"Oct 19, 2017","1.3159","1.3206","1.3230","1.3132","-0.35%"
"Oct 18, 2017","1.3205","1.3191","1.3212","1.3140","0.11%"
"Oct 17, 2017","1.3191","1.3250","1.3289","1.3154","-0.45%"
"Oct 16, 2017","1.3250","1.3309","1.3313","1.3225","-0.28%"
"Oct 13, 2017","1.3287","1.3262","1.3338","1.3249","0.19%"
"Oct 12, 2017","1.3262","1.3224","1.3292","1.3121","0.29%"
"Oct 11, 2017","1.3223","1.3205","1.3236","1.3175","0.14%"
"Oct 10, 2017","1.3204","1.3141","1.3227","1.3131","0.47%"
"Oct 09, 2017","1.3142","1.3069","1.3185","1.3056","0.58%"
"Oct 06, 2017","1.3066","1.3119","1.3127","1.3027","-0.40%"
"Oct 05, 2017","1.3119","1.3247","1.3251","1.3107","-0.95%"
"Oct 04, 2017","1.3245","1.3236","1.3293","1.3235","0.07%"
"Oct 03, 2017","1.3236","1.3276","1.3289","1.3222","-0.31%"
"Oct 02, 2017","1.3277","1.3389","1.3404","1.3255","-0.90%"
"Sep 29, 2017","1.3397","1.3441","1.3446","1.3349","-0.33%"
"Sep 28, 2017","1.3442","1.3386","1.3458","1.3343","0.41%"
"Sep 27, 2017","1.3387","1.3459","1.3464","1.3364","-0.53%"
"Sep 26, 2017","1.3458","1.3467","1.3517","1.3410","-0.07%"
"Sep 25, 2017","1.3467","1.3493","1.3572","1.3431","-0.19%"
"Sep 22, 2017","1.3493","1.3581","1.3597","1.3450","-0.63%"
"Sep 21, 2017","1.3579","1.3493","1.3587","1.3470","0.63%"
"Sep 20, 2017","1.3494","1.3510","1.3658","1.3452","-0.11%"
"Sep 19, 2017","1.3509","1.3495","1.3553","1.3469","0.11%"
"Sep 18, 2017","1.3494","1.3576","1.3620","1.3465","-0.73%"
"Sep 15, 2017","1.3593","1.3398","1.3617","1.3381","1.46%"
"Sep 14, 2017","1.3397","1.3211","1.3407","1.3162","1.41%"
"Sep 13, 2017","1.3211","1.3284","1.3330","1.3185","-0.55%"
"Sep 12, 2017","1.3284","1.3163","1.3300","1.3160","0.92%"
"Sep 11, 2017","1.3163","1.3203","1.3223","1.3159","-0.27%"
"Sep 08, 2017","1.3198","1.3100","1.3225","1.3093","0.74%"
"Sep 07, 2017","1.3101","1.3043","1.3117","1.3032","0.44%"
"Sep 06, 2017","1.3043","1.3032","1.3084","1.3018","0.08%"
"Sep 05, 2017","1.3033","1.2927","1.3044","1.2909","0.78%"
"Sep 04, 2017","1.2932","1.2958","1.2967","1.2911","-0.15%"
"Sep 01, 2017","1.2951","1.2931","1.2996","1.2904","0.15%"
"Aug 31, 2017","1.2931","1.2928","1.2935","1.2851","0.04%"
"Aug 30, 2017","1.2926","1.2918","1.2939","1.2877","0.05%"
"Aug 29, 2017","1.2920","1.2931","1.2979","1.2914","-0.10%"
"Aug 28, 2017","1.2933","1.2902","1.2948","1.2873","0.36%"
"Aug 25, 2017","1.2887","1.2799","1.2891","1.2793","0.68%"
"Aug 24, 2017","1.2800","1.2796","1.2837","1.2771","0.00%"
"Aug 23, 2017","1.2800","1.2824","1.2835","1.2779","-0.19%"
"Aug 22, 2017","1.2824","1.2897","1.2910","1.2809","-0.60%"
"Aug 21, 2017","1.2901","1.2870","1.2918","1.2849","0.19%"
"Aug 18, 2017","1.2876","1.2869","1.2920","1.2834","0.05%"
"Aug 17, 2017","1.2869","1.2894","1.2914","1.2855","-0.16%"
"Aug 16, 2017","1.2890","1.2870","1.2905","1.2842","0.16%"
"Aug 15, 2017","1.2870","1.2964","1.2971","1.2845","-0.73%"
"Aug 14, 2017","1.2965","1.2994","1.3024","1.2957","-0.36%"
"Aug 11, 2017","1.3012","1.2976","1.3031","1.2938","0.29%"
"Aug 10, 2017","1.2975","1.3000","1.3017","1.2951","-0.23%"
"Aug 09, 2017","1.3005","1.2989","1.3029","1.2966","0.11%"
"Aug 08, 2017","1.2991","1.3035","1.3055","1.2952","-0.34%"
"Aug 07, 2017","1.3035","1.3028","1.3063","1.3014","-0.01%"
"Aug 04, 2017","1.3036","1.3135","1.3166","1.3022","-0.78%"
"Aug 03, 2017","1.3139","1.3221","1.3266","1.3112","-0.64%"
"Aug 02, 2017","1.3223","1.3203","1.3252","1.3189","0.15%"
"Aug 01, 2017","1.3203","1.3216","1.3249","1.3193","-0.08%"
"Jul 31, 2017","1.3214","1.3131","1.3225","1.3096","0.60%"
"Jul 28, 2017","1.3135","1.3067","1.3155","1.3060","0.52%"
"Jul 27, 2017","1.3067","1.3119","1.3157","1.3052","-0.41%"
"Jul 26, 2017","1.3121","1.3021","1.3125","1.3001","0.73%"
"Jul 25, 2017","1.3026","1.3030","1.3086","1.3007","-0.02%"
"Jul 24, 2017","1.3029","1.2986","1.3058","1.2986","0.26%"
"Jul 21, 2017","1.2995","1.2975","1.3023","1.2954","0.16%"
"Jul 20, 2017","1.2974","1.3024","1.3038","1.2934","-0.34%"
"Jul 19, 2017","1.3018","1.3037","1.3053","1.3009","-0.17%"
"Jul 18, 2017","1.3040","1.3057","1.3127","1.3004","-0.11%"
"Jul 17, 2017","1.3055","1.3100","1.3113","1.3045","-0.31%"
"Jul 14, 2017","1.3096","1.2935","1.3115","1.2933","1.21%"
"Jul 13, 2017","1.2939","1.2887","1.2958","1.2879","0.42%"
"Jul 12, 2017","1.2885","1.2848","1.2908","1.2811","0.28%"
"Jul 11, 2017","1.2849","1.2885","1.2932","1.2833","-0.23%"
"Jul 10, 2017","1.2879","1.2886","1.2912","1.2857","-0.10%"
"Jul 07, 2017","1.2892","1.2969","1.2977","1.2867","-0.61%"
"Jul 06, 2017","1.2971","1.2936","1.2984","1.2919","0.28%"
"Jul 05, 2017","1.2935","1.2917","1.2950","1.2892","0.12%"
"Jul 04, 2017","1.2920","1.2940","1.2962","1.2913","-0.13%"
"Jul 03, 2017","1.2937","1.3011","1.3024","1.2930","-0.69%"
"Jun 30, 2017","1.3027","1.3005","1.3032","1.2948","0.16%"
"Jun 29, 2017","1.3006","1.2923","1.3013","1.2919","0.62%"
"Jun 28, 2017","1.2926","1.2817","1.2974","1.2792","0.86%"
"Jun 27, 2017","1.2816","1.2723","1.2860","1.2716","0.75%"
"Jun 26, 2017","1.2721","1.2729","1.2760","1.2704","0.02%"
"Jun 23, 2017","1.2718","1.2681","1.2745","1.2673","0.28%"
"Jun 22, 2017","1.2682","1.2670","1.2692","1.2652","0.09%"
"Jun 21, 2017","1.2671","1.2631","1.2712","1.2591","0.32%"
"Jun 20, 2017","1.2631","1.2732","1.2758","1.2603","-0.82%"
"Jun 19, 2017","1.2736","1.2787","1.2817","1.2724","-0.31%"
"Jun 16, 2017","1.2776","1.2754","1.2806","1.2748","0.16%"
"Jun 15, 2017","1.2755","1.2750","1.2796","1.2689","0.02%"
"Jun 14, 2017","1.2752","1.2755","1.2818","1.2722","-0.01%"
"Jun 13, 2017","1.2753","1.2660","1.2759","1.2642","0.77%"
"Jun 12, 2017","1.2656","1.2731","1.2771","1.2637","-0.70%"
"Jun 09, 2017","1.2745","1.2958","1.2964","1.2637","-1.61%"
"Jun 08, 2017","1.2953","1.2961","1.2979","1.2907","-0.06%"
"Jun 07, 2017","1.2961","1.2912","1.2969","1.2887","0.39%"
"Jun 06, 2017","1.2911","1.2905","1.2953","1.2874","0.06%"
"Jun 05, 2017","1.2903","1.2850","1.2942","1.2847","0.12%"
"Jun 02, 2017","1.2887","1.2881","1.2908","1.2849","0.05%"
"Jun 01, 2017","1.2881","1.2889","1.2916","1.2830","-0.07%"
"May 31, 2017","1.2890","1.2859","1.2921","1.2769","0.25%"
"May 30, 2017","1.2858","1.2837","1.2890","1.2792","0.13%"
"May 29, 2017","1.2841","1.2807","1.2853","1.2791","0.29%"
"May 26, 2017","1.2804","1.2942","1.2949","1.2773","-1.05%"
"May 25, 2017","1.2940","1.2969","1.3013","1.2929","-0.26%"
"May 24, 2017","1.2974","1.2961","1.3000","1.2925","0.09%"
"May 23, 2017","1.2962","1.3000","1.3036","1.2954","-0.29%"
"May 22, 2017","1.3000","1.3007","1.3044","1.2965","-0.27%"
"May 19, 2017","1.3035","1.2936","1.3040","1.2927","0.74%"
"May 18, 2017","1.2939","1.2969","1.3051","1.2893","-0.26%"
"May 17, 2017","1.2973","1.2918","1.2994","1.2907","0.43%"
"May 16, 2017","1.2917","1.2896","1.2958","1.2866","0.19%"
"May 15, 2017","1.2893","1.2888","1.2940","1.2873","0.02%"
"May 12, 2017","1.2891","1.2886","1.2900","1.2843","0.04%"
"May 11, 2017","1.2886","1.2942","1.2953","1.2852","-0.40%"
"May 10, 2017","1.2938","1.2933","1.2989","1.2926","0.02%"
"May 09, 2017","1.2935","1.2944","1.2961","1.2902","-0.04%"
"May 08, 2017","1.2940","1.2981","1.2992","1.2929","-0.32%"
"May 05, 2017","1.2981","1.2920","1.2985","1.2900","0.46%"
"May 04, 2017","1.2921","1.2864","1.2931","1.2830","0.42%"
"May 03, 2017","1.2867","1.2940","1.2953","1.2865","-0.55%"
"May 02, 2017","1.2938","1.2888","1.2943","1.2865","0.40%"
"May 01, 2017","1.2886","1.2951","1.2955","1.2879","-0.50%"
"Apr 28, 2017","1.2951","1.2908","1.2970","1.2889","0.36%"
"Apr 27, 2017","1.2904","1.2846","1.2916","1.2836","0.44%"
"Apr 26, 2017","1.2847","1.2840","1.2864","1.2804","0.05%"
"Apr 25, 2017","1.2841","1.2795","1.2846","1.2772","0.37%"
"Apr 24, 2017","1.2794","1.2842","1.2871","1.2770","-0.15%"
"Apr 21, 2017","1.2813","1.2813","1.2835","1.2759","0.00%"
"Apr 20, 2017","1.2813","1.2782","1.2851","1.2775","0.27%"
"Apr 19, 2017","1.2779","1.2839","1.2862","1.2768","-0.48%"
"Apr 18, 2017","1.2841","1.2569","1.2909","1.2518","2.20%"
"Apr 17, 2017","1.2565","1.2531","1.2599","1.2526","0.33%"
"Apr 14, 2017","1.2524","1.2503","1.2537","1.2500","0.14%"
"Apr 13, 2017","1.2506","1.2537","1.2575","1.2497","-0.27%"
"Apr 12, 2017","1.2540","1.2491","1.2550","1.2479","0.39%"
"Apr 11, 2017","1.2491","1.2412","1.2497","1.2404","0.62%"
"Apr 10, 2017","1.2414","1.2384","1.2432","1.2367","0.33%"
"Apr 07, 2017","1.2373","1.2468","1.2478","1.2363","-0.78%"
"Apr 06, 2017","1.2470","1.2486","1.2508","1.2451","-0.10%"
"Apr 05, 2017","1.2483","1.2440","1.2501","1.2423","0.34%"
"Apr 04, 2017","1.2441","1.2488","1.2496","1.2418","-0.37%"
"Apr 03, 2017","1.2487","1.2540","1.2556","1.2464","-0.50%"
"Mar 31, 2017","1.2550","1.2472","1.2562","1.2436","0.65%"
"Mar 30, 2017","1.2469","1.2433","1.2529","1.2405","0.28%"
"Mar 29, 2017","1.2434","1.2447","1.2476","1.2377","-0.13%"
"Mar 28, 2017","1.2450","1.2559","1.2598","1.2439","-0.84%"
"Mar 27, 2017","1.2556","1.2487","1.2618","1.2476","0.69%"
"Mar 24, 2017","1.2470","1.2521","1.2524","1.2468","-0.41%"
"Mar 23, 2017","1.2521","1.2484","1.2532","1.2461","0.30%"
"Mar 22, 2017","1.2484","1.2477","1.2507","1.2423","0.04%"
"Mar 21, 2017","1.2479","1.2358","1.2496","1.2340","0.98%"
"Mar 20, 2017","1.2358","1.2400","1.2437","1.2335","-0.29%"
"Mar 17, 2017","1.2394","1.2359","1.2406","1.2323","0.28%"
"Mar 16, 2017","1.2360","1.2289","1.2378","1.2241","0.55%"
"Mar 15, 2017","1.2292","1.2153","1.2309","1.2139","1.14%"
"Mar 14, 2017","1.2154","1.2219","1.2228","1.2108","-0.53%"
"Mar 13, 2017","1.2219","1.2162","1.2252","1.2149","0.39%"
"Mar 10, 2017","1.2171","1.2168","1.2190","1.2140","0.03%"
"Mar 09, 2017","1.2167","1.2166","1.2195","1.2134","-0.02%"
"Mar 08, 2017","1.2170","1.2199","1.2216","1.2140","-0.25%"
"Mar 07, 2017","1.2200","1.2235","1.2253","1.2168","-0.29%"
"Mar 06, 2017","1.2236","1.2294","1.2302","1.2223","-0.48%"
"Mar 03, 2017","1.2295","1.2270","1.2304","1.2217","0.23%"
"Mar 02, 2017","1.2267","1.2289","1.2308","1.2242","-0.23%"
"Mar 01, 2017","1.2295","1.2382","1.2406","1.2279","-0.69%"
"Feb 28, 2017","1.2381","1.2443","1.2470","1.2369","-0.51%"
"Feb 27, 2017","1.2444","1.2467","1.2486","1.2384","-0.19%"
"Feb 24, 2017","1.2468","1.2554","1.2572","1.2447","-0.69%"
"Feb 23, 2017","1.2555","1.2443","1.2562","1.2428","0.84%"
"Feb 22, 2017","1.2451","1.2471","1.2509","1.2423","-0.18%"
"Feb 21, 2017","1.2473","1.2458","1.2482","1.2398","0.10%"
"Feb 20, 2017","1.2461","1.2410","1.2483","1.2401","0.38%"
"Feb 17, 2017","1.2414","1.2490","1.2513","1.2388","-0.61%"
"Feb 16, 2017","1.2490","1.2462","1.2527","1.2454","0.25%"
"Feb 15, 2017","1.2459","1.2471","1.2482","1.2381","-0.09%"
"Feb 14, 2017","1.2470","1.2526","1.2550","1.2443","-0.46%"
"Feb 13, 2017","1.2528","1.2474","1.2541","1.2470","0.30%"
"Feb 10, 2017","1.2491","1.2498","1.2524","1.2438","-0.04%"
"Feb 09, 2017","1.2496","1.2542","1.2585","1.2490","-0.34%"
"Feb 08, 2017","1.2539","1.2508","1.2551","1.2474","0.22%"
"Feb 07, 2017","1.2511","1.2465","1.2547","1.2346","0.33%"
"Feb 06, 2017","1.2470","1.2491","1.2510","1.2424","-0.14%"
"Feb 03, 2017","1.2488","1.2525","1.2539","1.2458","-0.32%"
"Feb 02, 2017","1.2528","1.2664","1.2715","1.2522","-1.03%"
"Feb 01, 2017","1.2658","1.2587","1.2686","1.2549","0.63%"
"Jan 31, 2017","1.2579","1.2485","1.2598","1.2412","0.74%"
"Jan 30, 2017","1.2486","1.2552","1.2604","1.2466","-0.55%"
"Jan 27, 2017","1.2555","1.2599","1.2614","1.2523","-0.30%"
"Jan 26, 2017","1.2593","1.2638","1.2680","1.2562","-0.32%"
"Jan 25, 2017","1.2634","1.2525","1.2643","1.2492","0.90%"
"Jan 24, 2017","1.2521","1.2534","1.2546","1.2415","-0.11%"
"Jan 23, 2017","1.2535","1.2363","1.2546","1.2356","1.29%"
"Jan 20, 2017","1.2375","1.2342","1.2381","1.2260","0.27%"
"Jan 19, 2017","1.2342","1.2257","1.2343","1.2251","0.68%"
"Jan 18, 2017","1.2259","1.2414","1.2417","1.2252","-1.24%"
"Jan 17, 2017","1.2413","1.2044","1.2415","1.2014","3.03%"
"Jan 16, 2017","1.2048","1.2064","1.2090","1.1985","-1.08%"
"Jan 13, 2017","1.2179","1.2158","1.2234","1.2122","0.13%"
"Jan 12, 2017","1.2163","1.2208","1.2318","1.2150","-0.40%"
"Jan 11, 2017","1.2212","1.2176","1.2270","1.2037","0.29%"
"Jan 10, 2017","1.2177","1.2162","1.2191","1.2105","0.12%"
"Jan 09, 2017","1.2162","1.2268","1.2273","1.2124","-1.02%"
"Jan 06, 2017","1.2287","1.2424","1.2437","1.2264","-1.05%"
"Jan 05, 2017","1.2418","1.2326","1.2436","1.2272","0.78%"
"Jan 04, 2017","1.2322","1.2237","1.2356","1.2222","0.68%"
"Jan 03, 2017","1.2239","1.2274","1.2308","1.2200","-0.29%"
"Jan 02, 2017","1.2275","1.2345","1.2354","1.2268","-0.51%"
"Dec 30, 2016","1.2338","1.2263","1.2389","1.2245","0.61%"
"Dec 29, 2016","1.2263","1.2228","1.2280","1.2212","0.30%"
"Dec 28, 2016","1.2226","1.2269","1.2298","1.2199","-0.37%"
"Dec 27, 2016","1.2271","1.2284","1.2290","1.2237","-0.14%"
"Dec 26, 2016","1.2288","1.2269","1.2314","1.2264","-0.03%"
"Dec 23, 2016","1.2292","1.2283","1.2301","1.2228","0.07%"
"Dec 22, 2016","1.2283","1.2350","1.2379","1.2274","-0.57%"
"Dec 21, 2016","1.2354","1.2364","1.2393","1.2323","-0.11%"
"Dec 20, 2016","1.2367","1.2401","1.2414","1.2313","-0.27%"
"Dec 19, 2016","1.2400","1.2493","1.2504","1.2355","-0.78%"
"Dec 16, 2016","1.2497","1.2427","1.2519","1.2389","0.63%"
"Dec 15, 2016","1.2419","1.2560","1.2572","1.2376","-1.16%"
"Dec 14, 2016","1.2565","1.2659","1.2721","1.2529","-0.73%"
"Dec 13, 2016","1.2658","1.2675","1.2729","1.2651","-0.17%"
"Dec 12, 2016","1.2680","1.2575","1.2704","1.2556","0.83%"
"Dec 09, 2016","1.2576","1.2589","1.2623","1.2550","-0.08%"
"Dec 08, 2016","1.2586","1.2626","1.2706","1.2547","-0.29%"
"Dec 07, 2016","1.2622","1.2678","1.2685","1.2569","-0.43%"
"Dec 06, 2016","1.2677","1.2729","1.2776","1.2655","-0.44%"
"Dec 05, 2016","1.2733","1.2727","1.2746","1.2625","0.03%"
"Dec 02, 2016","1.2729","1.2599","1.2747","1.2574","1.08%"
"Dec 01, 2016","1.2593","1.2506","1.2697","1.2500","0.70%"
"Nov 30, 2016","1.2505","1.2490","1.2524","1.2416","0.12%"
"Nov 29, 2016","1.2490","1.2414","1.2527","1.2386","0.60%"
"Nov 28, 2016","1.2415","1.2470","1.2533","1.2385","-0.49%"
"Nov 25, 2016","1.2476","1.2450","1.2491","1.2415","0.19%"
"Nov 24, 2016","1.2452","1.2442","1.2499","1.2402","0.10%"
"Nov 23, 2016","1.2440","1.2425","1.2470","1.2359","0.13%"
"Nov 22, 2016","1.2424","1.2497","1.2514","1.2383","-0.55%"
"Nov 21, 2016","1.2493","1.2348","1.2514","1.2311","1.19%"
"Nov 18, 2016","1.2346","1.2418","1.2438","1.2300","-0.56%"
"Nov 17, 2016","1.2416","1.2443","1.2507","1.2407","-0.22%"
"Nov 16, 2016","1.2443","1.2456","1.2504","1.2410","-0.10%"
"Nov 15, 2016","1.2456","1.2489","1.2531","1.2382","-0.25%"
"Nov 14, 2016","1.2487","1.2593","1.2614","1.2441","-0.91%"
"Nov 11, 2016","1.2602","1.2554","1.2675","1.2524","0.37%"
"Nov 10, 2016","1.2555","1.2405","1.2585","1.2374","1.20%"
"Nov 09, 2016","1.2406","1.2373","1.2549","1.2351","0.20%"
"Nov 08, 2016","1.2381","1.2393","1.2444","1.2362","-0.14%"
"Nov 07, 2016","1.2398","1.2513","1.2527","1.2379","-0.97%"